0.0;0.0;-1.0
-0.04169436525752963;-0.00389233619045649;-0.9991228300988584
-0.08223194431453103;-0.015488343972142623;-0.9964928592495044
-0.12047803665345655;-0.0345465210956592;-0.9921147013144779
-0.1553417086521549;-0.06066933685387121;-0.985996037070505
-0.1857966732195792;-0.09331059639310234;-0.9781476007338057
-0.21090098534351145;-0.13178556202863856;-0.9685831611286312
-0.22981519259882535;-0.17528364697174423;-0.9573194975320672
-0.24181860779730974;-0.22288344994649328;-0.9443763702374811
-0.24632340515348194;-0.2735698564587987;-0.9297764858882515
-0.24288628097306367;-0.3262528947544295;-0.913545457642601
-0.23121746422085884;-0.3797880024541169;-0.8957117602394129
-0.21118691058582037;-0.43299733406537083;-0.8763066800438636
-0.18282756495509547;-0.4846917205117697;-0.8553642601605067
-0.1463356306026328;-0.5336928798382815;-0.8329212407100994
-0.1020678379200848;-0.5788554735638645;-0.8090169943749473
-0.05053576017632525;-0.6190886058457813;-0.7836934573258397
0.0076027224075344195;-0.6533763726450385;-0.7569950556517563
0.07155465701704579;-0.6807970852570656;-0.7289686274214114
0.14040574860527488;-0.7005408165840668;-0.6996633405133652
0.213136338319436;-0.711924948938868;-0.6691306063588581
0.2886393410580863;-0.714407438431611;-0.6374239897486896
0.36573981747581785;-0.7075975524409256;-0.6045991148623747
0.4432158259062816;-0.6912638825565244;-0.5707135676844315
0.5198201762732237;-0.6653394848660428;-0.5358267949789964
0.5943026915289651;-0.6299240516454567;-0.4999999999999997
0.6654325728014577;-0.5852830724504585;-0.4632960351198614
0.7320204624152026;-0.5318439973147936;-0.42577929156507227
0.7929398043149853;-0.47018946924574523;-0.3875155864521027
0.8471471140673064;-0.40104774647579383;-0.3485720473218149
0.8937007903129093;-0.3252804860140786;-0.30901699437494706
0.9317781259369724;-0.2438681080125841;-0.26891982061526526
0.9606902098316039;-0.15789300444736487;-0.22835087011065525
0.9798944483554984;-0.06852089481464328;-0.18738131458572407
0.9890044787529241;0.023019334757778072;-0.14608302856241098
0.9877972940939882;0.11545694499465181;-0.10452846326765279
0.976217449880323;0.20750142458884013;-0.06279051952931264
0.9543782754052714;0.297864940004508;-0.020942419883356163
0.9225600673026024;0.3852847482940985;0.020942419883357592
0.8812052974746115;0.4685451678973121;0.06279051952931407
0.830910921763483;0.5464987103928624;0.104528463267654
0.7724179283339837;0.6180859913913842;0.14608302856241198
0.7065983148143768;0.68235406091384;0.18738131458572482
0.6344397298853557;0.7384728222911816;0.228350870110656
0.5570280573656435;0.7857492433262094;0.2689198206152658
0.47552825814757727;0.8236391035463319;0.30901699437494734
0.3911638169081901;0.8517560661173447;0.348572047321815
0.305195165787089;0.8698779115697066;0.3875155864521026
0.21889747572244037;0.8779498220266857;0.42577929156507194
0.13353821753449788;0.8760846581808893;0.46329603511986106
0.05035489893517309;0.8645602258681748;0.499999999999999
-0.029466619651885094;0.8438135837427769;0.5358267949789957
-0.10481283819324802;0.8144324972708202;0.5707135676844308
-0.17466198454884727;0.777144196054434;0.6045991148623737
-0.2381016864086667;0.7328016404336254;0.6374239897486886
-0.29434462860829474;0.6823675484980756;0.6691306063588569
-0.3427419134788959;0.6268964752544913;0.6996633405133642
-0.3827938837267587;0.5675152709987019;0.7289686274214101
-0.4141582135452968;0.5054022752934186;0.7569950556517551
-0.43665512339764845;0.44176562581900686;0.7836934573258383
-0.45026962626593525;0.37782107733008163;0.809016994374946
-0.45515076719143277;0.31476973472524516;0.832921240710098
-0.451607872645442;0.2537761056615254;0.8553642601605053
-0.4401038806782571;0.19594687219356852;0.8763066800438621
-0.42124587590355916;0.14231076769892784;0.8957117602394116
-0.39577300422176637;0.09379992510578604;0.9135454576425995
-0.3645419898434132;0.05123303553666647;0.9297764858882502
-0.3285105207756959;0.015300623410941341;0.9443763702374799
-0.28871880768875813;-0.013447294587915144;0.9573194975320662
-0.24626965427830394;-0.03461094277414018;0.9685831611286301
-0.20230740428380312;-0.0479477356154698;0.9781476007338048
-0.15799615071516196;-0.05337631722451991;0.9859960370705043
-0.11449760621433368;-0.050977618685780976;0.9921147013144773
-0.07294903958887627;-0.04099291509284019;0.996492859249504
-0.03444168229086751;-0.02381891887183716;0.9991228300988582
-3.4957341020744385e-15;-2.933269195744442e-15;1.0
0.029437791338940433;0.02978232389073123;0.9991228300988586
0.05303760838915682;0.06472243475878485;0.9964928592495047
0.0700854547781988;0.10390595971461974;0.9921147013144785
0.08000115468002242;0.1463271339537575;0.9859960370705058
0.08234961385590368;0.1909078633175722;0.9781476007338068
0.07684940146312938;0.2365181377248356;0.9685831611286325
0.0633784947805433;0.28199742205257766;0.957319497532069
0.041977080716104356;0.32617663317845147;0.944376370237483
0.012847361612533229;0.36790030115356903;0.9297764858882537
-0.023649632523257906;0.40604850905043494;0.9135454576426034
-0.06700016866665011;0.4395582099875371;0.8957117602394158
-0.1165467620507837;0.4674435310986496;0.8763066800438667
-0.17149979227978251;0.4888146925861112;0.8553642601605103
-0.23095157388450657;0.5028951951393167;0.8329212407101033
-0.2938926261462261;0.5090369604551268;0.8090169943749514
-0.35922984687390297;0.5067331467938696;0.7836934573258443
-0.42580626005102246;0.49562840376651957;0.7569950556517611
-0.49242197850113256;0.47552637710684975;0.7289686274214167
-0.5578560004809481;0.44639432419002756;0.6996633405133708
-0.6208884438009454;0.40836475360669794;0.669130606358864
-0.6803228129747988;0.3617340562331829;0.6374239897486957
-0.7350078941582379;0.3069581499694998;0.604599114862381
-0.7838588792690311;0.24464521465174455;0.5707135676844387
-0.8258773345623399;0.17554564659578864;0.5358267949790038
-0.8601696498176528;0.10053941283183017;0.5000000000000073
-0.885963631795341;0.02062103242367944;0.46329603511986917
-0.9026229392426581;-0.06311754452830283;0.425779291565081
-0.9096590958595991;-0.14950585131215716;0.3875155864521114
-0.9067408615628895;-0.23731527089098423;0.34857204732182373
-0.8937007903129128;-0.32528048601406045;0.30901699437495606
-0.8705388538220268;-0.4121216253322314;0.26891982061527525
-0.8374230637152619;-0.496566704962633;0.22835087011066532
-0.7946870791973651;-0.5773739594932238;0.18738131458573423
-0.742824842002946;-0.6533536583423477;0.14608302856242122
-0.6824823343738564;-0.7233890126581356;0.10452846326766307
-0.6144466080386061;-0.7864557943883999;0.06279051952932384
-0.5396322817127798;-0.841640312474924;0.020942419883367383
-0.45906575059600824;-0.8881554209028695;-0.020942419883346594
-0.37386739287456366;-0.9253542690247972;-0.06279051952930309
-0.28523209459360443;-0.9527415455309222;-0.1045284632676424
-0.19440844477854213;-0.9699820129078813;-0.14608302856240066
-0.10267697680610181;-0.9769061783907854;-0.1873813145857138
-0.011327849313586236;-0.973512999373732;-0.22835087011064506
0.07836162992432678;-0.9599695750573881;-0.2689198206152543
0.1651492309128894;-0.9366078308002563;-0.30901699437493624
0.2478493774838288;-0.9039182562083611;-0.34857204732180425
0.3253536826790157;-0.8625408114540978;-0.3875155864520923
0.3966500726352916;-0.813253167686897;-0.4257792915650614
0.46084015382881105;-0.7569564957520766;-0.46329603511985074
0.5171545105027369;-0.6946590618905689;-0.4999999999999893
0.5649656567568679;-0.6274579288429052;-0.5358267949789862
0.6037984104372066;-0.5565190951031437;-0.5707135676844216
0.633337502851368;-0.48305643333842346;-0.6045991148623645
0.6534322885993177;-0.4083098106937097;-0.6374239897486798
0.6640984725340433;-0.3335227884444932;-0.6691306063588486
0.665516825094226;-0.25992030597510585;-0.6996633405133562
0.6580289119946834;-0.18868675421038505;-0.7289686274214021
0.6421299185244583;-0.12094483641139976;-0.7569950556517475
0.6184587015000852;-0.05773559979348894;-0.7836934573258313
0.5877852522924841;-1.8037909732264454e-14;-0.8090169943749395
0.5509958013740541;0.05143766754165434;-0.8329212407100915
0.5090758376625668;0.09588416943498966;-0.8553642601604993
0.46309135379154703;0.13278930888451057;-0.8763066800438567
0.4141686606245717;0.16175525687059522;-0.8957117602394066
0.3634731402681268;0.1825430719699015;-0.9135454576425948
0.31218732605269506;0.19507629210483973;-0.9297764858882459
0.26148871009538976;0.19944153486608193;-0.9443763702374761
0.21252768390900595;0.19588609755986292;-0.9573194975320629
0.16640601499395102;0.18481260279512404;-0.9685831611286274
0.1241562524872931;0.16677078924984867;-0.9781476007338024
0.08672243792692833;0.1424465992618801;-0.9859960370705023
0.054942473328377976;0.11264876413103152;-0.9921147013144759
0.029532468501320838;0.07829313360039057;-0.996492859249503
0.011073353403646655;0.04038503707621352;-0.9991228300988577
2.818681689424434e-15;1.598553822051894e-14;-1.0
-0.0034069476882579914;-0.04173683124886161;-0.999122830098859
0.0009736139488559309;-0.08367217901204342;-0.9964928592495057
0.01310089030083643;-0.1246466449969901;-0.99211470131448
0.03277282868067847;-0.16351683883172652;-0.9859960370705078
0.05962974504495023;-0.19917721929118035;-0.9781476007338091
0.09316087144779919;-0.23058124817327785;-0.9685831611286353
0.13271370511905045;-0.25676146930276406;-0.9573194975320723
0.17750598895543884;-0.27684814469672875;-0.9443763702374869
0.22664010520942574;-0.2900861061821864;-0.9297764858882579
0.2791196201255456;-0.29584951323524106;-0.913545457642608
0.3338676780110895;-0.2936542459224479;-0.895711760239421
0.3897469094508346;-0.28316770487470844;-0.8763066800438719
0.445580490699061;-0.2642158374292477;-0.8553642601605151
0.5001739702102435;-0.23678725957714844;-0.8329212407101085
0.5523374641860019;-0.2010343962338005;-0.8090169943749564
0.6009078161767966;-0.1572716166455073;-0.7836934573258487
0.6447703163071894;-0.10597039646951882;-0.7569950556517658
0.6828795835838524;-0.04775159222135135;-0.7289686274214207
0.7142792298527503;0.016625033612810945;-0.699663340513375
0.7381199460215839;0.08627384840673558;-0.6691306063588675
0.7536756797547596;0.16019871110296785;-0.6374239897486985
0.7603576084611969;0.2373103823324865;-0.6045991148623839
0.7577256514007568;0.3164456681172877;-0.5707135676844403
0.7454973094055788;0.39638795068918237;-0.5358267949790054
0.7235536692358714;0.47588873461692593;-0.5000000000000082
0.6919424610832153;0.5536898178513957;-0.4632960351198693
0.6508781112619244;0.6285456858132495;-0.4257792915650803
0.6007387867167857;0.6992457224686623;-0.38751558645210993
0.5420604826310338;0.7646358355424392;-0.34857204732182223
0.47552825814758604;0.8236391035463242;-0.3090169943749536
0.4019647770420866;0.875275069962441;-0.2689198206152711
0.3223163591658858;0.9186773343964416;-0.2283508701106611
0.2376367937196784;0.953109121357442;-0.18738131458572913
0.14906920610124502;0.9779765439714682;-0.14608302856241606
0.05782630545391744;0.9928393217255511;-0.10452846326765701
-0.034830630517785684;0.9974187575110928;-0.06279051952931598
-0.12761365393791516;0.9916028289481849;-0.020942419883359514
-0.21923053276200266;0.9754483013232007;0.02094241988335535
-0.3084072199247658;0.9491798235084415;0.06279051952931183
-0.39390999963828294;0.9131860229722478;0.10452846326765287
-0.47456691069801005;0.8680126704355074;0.14608302856241107
-0.5492880597772756;0.8143530378958758;0.18738131458572502
-0.6170844578470717;0.7530356246574869;0.22835087011065705
-0.677085039680235;0.6850094737457773;0.2689198206152679
-0.7285515594000003;0.6113273447861635;0.3090169943749488
-0.7708910936121948;0.5331270482870579;0.34857204732181746
-0.8036659271162333;0.4516112795857578;0.38751558645210604
-0.8266006437324779;0.36802631788418977;0.42577929156507655
-0.8395862955478348;0.28363997632646104;0.4632960351198664
-0.8426815769442692;0.19971920257881057;0.5000000000000038
-0.8361109841714558;0.11750773561928157;0.5358267949790011
-0.8202599959657506;0.03820422331586668;0.5707135676844368
-0.7956673648074369;-0.0370588031109342;0.6045991148623806
-0.7630146608633783;-0.1072347173279161;0.6374239897486961
-0.7231132605287091;-0.17138099101521986;0.6691306063588637
-0.6768890178523238;-0.22867546316250612;0.6996633405133713
-0.6253648991635293;-0.27843039189270063;0.7289686274214179
-0.5696418981468847;-0.32010403557968203;0.7569950556517631
-0.5108785797677594;-0.3533095550351538;0.7836934573258467
-0.4502696262659191;-0.377821077330085;0.8090169943749534
-0.38902377645749436;-0.3935768134998396;0.8329212407101058
-0.3283415604896139;-0.4006791760190483;0.8553642601605129
-0.26939323577861934;-0.39939189654675744;0.8763066800438699
-0.21329732606736498;-0.3901341990409371;0.8957117602394191
-0.16110015442899814;-0.3734721369306069;0.9135454576426063
-0.11375674282622492;-0.35010725463899295;0.9297764858882567
-0.0721134258381118;-0.32086278243349103;0.944376370237486
-0.03689249484608879;-0.28666761845205446;0.9573194975320719
-0.008679151897044999;-0.24853839200495367;0.9685831611286354
0.012088989691093252;-0.20755993714332638;0.978147600733809
0.025129667379873585;-0.16486453438696494;0.9859960370705078
0.03032085344551322;-0.12161030088777695;0.9921147013144801
0.027702672814835412;-0.07895912476502343;0.9964928592495059
0.017476320607753282;-0.038054547602897275;0.9991228300988592
-9.586265596830048e-15;1.6603899068557445e-14;1.0
-0.024218044649782857;0.03416221141247502;0.9991228300988575
-0.05452927149970931;0.06347078079291318;0.9964928592495026
-0.09015718320796424;0.0870637797921471;0.9921147013144751
-0.1302120412723086;0.10419519753311872;0.9859960370705011
-0.17370768352851687;0.11424934075024319;0.978147600733801
-0.21958013724059278;0.11675282997632976;0.9685831611286254
-0.26670768744495404;0.11138397148031783;0.9573194975320604
-0.31393203363546346;0.09797933248699878;0.9443763702374729
-0.36008014797975124;0.07653739818018672;0.9297764858882419
-0.4039864354021059;0.04721924217616155;0.91354545764259
-0.4445147902882654;0.010346196586798752;0.8957117602394012
-0.48058014636448;-0.03360543751864379;0.8763066800438506
-0.5111691254447455;-0.08401254449275956;0.8553642601604922
-0.5353594070601583;-0.1401160663384854;0.8329212407100836
-0.5523374641860298;-0.20103439623383085;0.8090169943749299
-0.5614143399441027;-0.2657790508106832;0.7836934573258219
-0.562039175739361;-0.33327233706541465;0.7569950556517369
-0.5538102421464864;-0.40236669336442865;0.7289686274213903
-0.5364832692470419;-0.47186535342162617;0.6996633405133427
-0.5099769222092575;-0.5405439579237123;0.6691306063588338
-0.47437531980526704;-0.60717272110376;0.6374239897486651
-0.4299275473315839;-0.6705387493300542;0.6045991148623486
-0.37704417005942614;-0.7294681058724486;0.570713567684404
-0.3162908078981797;-0.7828472204853796;0.5358267949789672
-0.24837888541524256;-0.8296432542243158;0.4999999999999691
-0.1741537227463112;-0.868923048776959;0.4632960351198308
-0.0945801813172013;-0.8998703151990168;0.42577929156504024
-0.010726122801168044;-0.9218007488315265;0.38751558645206907
0.07625602045519277;-0.9341747947628646;0.3485720473217799
0.16514923091299522;-0.9366078308002462;0.30901699437491065
0.25469308625682435;-0.9288775817583536;0.2689198206152293
0.34360575198461607;-0.910928629104833;0.228350870110618
0.4306063885783079;-0.8828739327104905;0.1873813145856856
0.5144375680549959;-0.8449933356776885;0.14608302856237138
0.5938872944557793;-0.7977290779775462;0.10452846326761209
0.6678102299556282;-0.7416783989195419;0.06279051952927267
0.735147742643332;-0.6775833613186235;0.020942419883315237
0.7949464133647395;-0.6063180806540114;-0.020942419883399628
0.8463746669568715;-0.5288735896136981;-0.06279051952935691
0.888737227217435;-0.4463406113325997;-0.1045284632676978
0.9214871344352498;-0.35989055257999303;-0.1460830285624549
0.9442351085340673;-0.27075506044350717;-0.1873813145857685
0.9567560890512409;-0.1802045121051637;-0.22835087011070015
0.9589928344077162;-0.08952582663613871;-0.26891982061531056
0.9510565162951389;1.0043317818783148e-13;-0.30901699437499264
0.9332242995391876;0.08712023057499473;-0.348572047321859
0.9059339525038271;0.17063218910112515;-0.3875155864521469
0.8697755869843089;0.24940413621351237;-0.4257792915651166
0.8254806786176473;0.32239484032956184;-0.46329603511990564
0.7739085681709714;0.38867149125130485;-0.5000000000000437
0.7160306897536152;0.44742563305364325;-0.5358267949790385
0.6529128132074243;0.4979868291535703;-0.5707135676844732
0.5856956239122635;0.5398338137219709;-0.6045991148624159
0.5155739933460044;0.5726029293306707;-0.6374239897487302
0.44377531741320075;0.5960937000913418;-0.6691306063588979
0.3715373163737696;0.6102714416416709;-0.699663340513403
0.3000856998570115;0.615266863220032;-0.7289686274214482
0.23061210276181496;0.6113726717629063;-0.756995055651792
0.16425269277907817;0.5990372424644731;-0.7836934573258743
0.1020678379200044;0.5788554735638322;-0.8090169943749805
0.04502320301875706;0.5515569943023378;-0.8329212407101302
-0.0060273819464242324;0.5179919430907116;-0.8553642601605359
-0.05035697122745489;0.47911457706821076;-0.8763066800438912
-0.08737819789249149;0.4359650136213073;-0.8957117602394388
-0.11665338409623176;0.3896494383409578;-0.9135454576426251
-0.13790188463398872;0.34131914171878536;-0.9297764858882729
-0.15100453182024837;0.2921487681076044;-0.9443763702375007
-0.15600510256968814;0.24331417471478706;-0.9573194975320847
-0.15310878283047627;0.19597030539908006;-0.9685831611286464
-0.1426776592388162;0.15122948367565917;-0.9781476007338186
-0.1252233220344399;0.11014052160716425;-0.9859960370705152
-0.10139671591344701;0.07366902631117533;-0.9921147013144856
-0.07197542563996488;0.04267926391917811;-0.9964928592495096
-0.037848629979065816;0.017917912377010087;-0.999122830098861
6.130117168899089e-14;-2.231180182042464e-14;-1.0
0.04051114474264837;-0.010602713185473487;-0.9991228300988556
0.08257007689053825;-0.013570698841586454;-0.9964928592494988
0.1250279281066348;-0.008742804416380683;-0.9921147013144695
0.16672359260700445;0.003880534691919817;-0.9859960370704938
0.2065058663432445;0.024137074067776345;-0.9781476007337915
0.24325541645711946;0.051705534929773485;-0.9685831611286144
0.2759061786895794;0.08611132449278622;-0.9573194975320475
0.30346579081151365;0.1267350983124476;-0.9443763702374582
0.32503468766523613;0.17282400904881434;-0.9297764858882256
0.3398235077448637;0.223505437080623;-0.913545457642572
0.34716849195790267;0.2778029531170327;-0.8957117602393816
0.3465445917407306;0.33465422221423147;-0.8763066800438293
0.33757604538273617;0.39293052315121313;-0.8553642601604693
0.3200442274894865;0.4514575275977505;-0.832921240710059
0.2938926261461827;0.5090369604552275;-0.8090169943749039
0.25922885462609147;0.5644687465874335;-0.7836934573257943
0.2163236584733342;0.6165732401779856;-0.756995055651708
0.16560693349343616;0.6642131313172895;-0.7289686274213601
0.10766082461315293;0.7063146301651768;-0.699663340513311
0.04321002873296536;0.7418875420512192;-0.669130606358801
-0.02689052437562153;0.7700438669269051;-0.637423989748631
-0.10167039130701695;0.7900145833079192;-0.6045991148623134
-0.18006046883197266;0.8011643097548661;-0.5707135676843675
-0.260911677805622;0.8030035754386546;-0.5358267949789298
-0.34301513931506494;0.79519847472234;-0.4999999999999307
-0.4251234779666732;0.7775775281756799;-0.46329603511979156
-0.5059728666075056;0.7501356231584992;-0.42577929156500016
-0.5843054131807135;0.7130349601418265;-0.38751558645202827
-0.6588914840791792;0.6666029853172492;-0.34857204732173835
-0.7285515594001284;0.6113273447860512;-0.3090169943748685
-0.7921772238977917;0.5478479497249981;-0.2689198206151866
-0.8487509130289204;0.47694629441093;-0.22835087011057487
-0.8973640560035218;0.39953221889738116;-0.1873813145856421
-0.937233286781525;0.31662835456534527;-0.14608302856232758
-0.9677144289674748;0.22935253287259483;-0.10452846326756804
-0.9883140009131641;0.13889847463620245;-0.06279051952922847
-0.9986980323087592;0.04651510842774935;-0.02094241988327096
-0.9986980323087375;-0.04651510842813702;0.020942419883443905
-0.9883140009130994;-0.13889847463658472;0.06279051952940111
-0.9677144289673681;-0.22935253287296642;0.10452846326774184
-0.937233286781378;-0.31662835456570115;0.1460830285624987
-0.8973640560033369;-0.39953221889771645;0.18738131458581203
-0.8487509130287006;-0.47694629441124026;0.2283508701107433
-0.7921772238975386;-0.547847949725282;0.26891982061535324
-0.7285515593998497;-0.6113273447862994;0.3090169943750347
-0.6588914840788802;-0.6666029853174598;0.3485720473219005
-0.5843054131803915;-0.7130349601420037;0.3875155864521877
-0.5059728666071731;-0.7501356231586346;0.4257792915651567
-0.42512347796633554;-0.7775775281757732;0.4632960351199449
-0.34301513931471866;-0.7951984747223941;0.500000000000082
-0.2609116778052815;-0.8030035754386678;0.5358267949790759
-0.18006046883164273;-0.801164309754839;0.5707135676845096
-0.101670391306694;-0.7900145833078553;0.6045991148624512
-0.02689052437531864;-0.7700438669268055;0.6374239897487642
0.04321002873324404;-0.741887542051086;0.6691306063589308
0.1076608246134115;-0.706314630165015;0.6996633405134346
0.16560693349366362;-0.6642131313171028;0.7289686274214785
0.21632365847352808;-0.6165732401777787;0.756995055651821
0.25922885462625617;-0.5644687465872087;0.7836934573259018
0.2938926261463097;-0.5090369604549909;0.8090169943750066
0.32004422748957695;-0.4514575275975099;0.8329212407101547
0.33757604538279373;-0.39293052315096855;0.8553642601605588
0.34654459174075153;-0.33465422221399155;0.8763066800439125
0.34716849195788857;-0.2778029531168023;0.8957117602394585
0.3398235077448179;-0.2235054370804021;0.913545457642643
0.3250346876651613;-0.17282400904861261;0.9297764858882892
0.3034657908114117;-0.1267350983122679;0.9443763702375152
0.27590617868945505;-0.08611132449262876;0.9573194975320976
0.24325541645697568;-0.051705534929644185;0.9685831611286574
0.20650586634308402;-0.024137074067677036;0.9781476007338278
0.16672359260683545;-0.003880534691850509;0.9859960370705225
0.1250279281064602;0.008742804416417267;0.9921147013144912
0.08257007689036293;0.01357069884159027;0.9964928592495134
0.040511144742477016;0.010602713185445605;0.9991228300988629
-1.0291682787963061e-13;-3.745866195331194e-14;1.0
-0.037848629979215134;-0.0179179123770986;0.9991228300988538
-0.07197542564009642;-0.04267926391929423;0.9964928592494952
-0.10139671591355723;-0.07366902631131558;0.992114701314464
-0.1252233220345256;-0.1101405216073251;0.9859960370704863
-0.14267765923887427;-0.15122948367583944;0.9781476007337823
-0.15310878283050333;-0.19597030539927157;0.9685831611286033
-0.15600510256968392;-0.24331417471498648;0.9573194975320347
-0.1510045318202089;-0.29214876810780865;0.9443763702374437
-0.13790188463391642;-0.341319141718988;0.9297764858882093
-0.1166533840961276;-0.38964943834115556;0.9135454576425539
-0.0873781978923514;-0.435965013621495;0.8957117602393612
-0.05035697122728484;-0.4791145770683826;0.8763066800438071
-0.006027381946226649;-0.5179919430908633;0.8553642601604454
0.04502320301898482;-0.5515569943024623;0.8329212407100355
0.10206783792025352;-0.5788554735639304;0.8090169943748788
0.1642526927793445;-0.5990372424645406;0.7836934573257668
0.23061210276210073;-0.6113726717629384;0.756995055651679
0.30008569985730577;-0.6152668632200287;0.7289686274213297
0.3715373163740674;-0.6102714416416314;0.6996633405132794
0.4437753174135041;-0.5960937000912616;0.6691306063587681
0.5155739933463013;-0.5726029293305532;0.6374239897485955
0.5856956239125488;-0.5398338137218172;0.6045991148622767
0.6529128132076988;-0.4979868291533749;0.5707135676843297
0.7160306897538667;-0.4474256330534138;0.535826794978894
0.7739085681711984;-0.3886714912510459;0.4999999999998939
0.8254806786178482;-0.3223948403292675;0.4632960351197523
0.8697755869844767;-0.2494041362131949;0.4257792915649601
0.9059339525039588;-0.17063218910078895;0.3875155864519874
0.9332242995392819;-0.0871202305746346;0.34857204732169683
0.9510565162951929;2.689088695981557e-13;0.30901699437482644
0.9589928344077285;0.08952582663651211;0.26891982061514225
0.9567560890512095;0.18020451210554603;0.22835087011053
0.9442351085339937;0.27075506044388287;0.18738131458559687
0.9214871344351346;0.35989055258035674;0.14608302856228553
0.8887372272172762;0.44634061133295616;0.10452846326752577
0.8463746669566753;0.5288735896140325;0.06279051952918427
0.794946413364509;0.6063180806543194;0.020942419883226683
0.7351477426430638;0.6775833613189091;-0.02094241988348818
0.6678102299553328;0.7416783989197931;-0.06279051952944531
0.5938872944554613;0.7977290779777602;-0.10452846326778588
0.5144375680546515;0.8449933356778684;-0.14608302856254426
0.43060638857795064;0.8828739327106283;-0.18738131458585727
0.3436057519842515;0.9109286291049278;-0.22835087011078814
0.25469308625644815;0.9288775817584088;-0.26891982061539416
0.1651492309126222;0.9366078308002577;-0.3090169943750752
0.07625602045482839;0.9341747947628338;-0.348572047321942
-0.010726122801528522;0.9218007488314555;-0.38751558645222856
-0.09458018131754307;0.8998703151989068;-0.4257792915651967
-0.174153722746636;0.8689230487768123;-0.46329603511998413
-0.24837888541554262;0.8296432542241347;-0.5000000000001205
-0.3162908078984486;0.78284722048517;-0.5358267949791148
-0.3770441700596662;0.7294681058722121;-0.5707135676845474
-0.42992754733178973;0.6705387493297967;-0.6045991148624879
-0.4743753198054356;0.6071727211034897;-0.637423989748797
-0.50997692220939;0.5405439579234285;-0.6691306063589624
-0.536483269247136;0.47186535342133606;-0.6996633405134662
-0.5538102421465406;0.40236669336413944;-0.7289686274215088
-0.5620391757393791;0.33327233706512766;-0.7569950556518499
-0.5614143399440844;0.26577905081040515;-0.7836934573259292
-0.5523374641859751;0.20103439623356803;-0.8090169943750326
-0.5353594070600725;0.14011606633823873;-0.8329212407101803
-0.511169125444631;0.08401254449253501;-0.8553642601605826
-0.4805801463643402;0.033605437518446475;-0.8763066800439347
-0.4445147902881081;-0.01034619658696939;-0.8957117602394774
-0.4039864354019304;-0.04721924217630153;-0.9135454576426604
-0.36008014797956417;-0.0765373981802931;-0.9297764858883055
-0.3139320336352691;-0.09797933248707312;-0.9443763702375297
-0.2667076874447576;-0.11138397148035854;-0.9573194975321103
-0.2195801372403995;-0.11675282997633638;-0.9685831611286684
-0.17370768352833074;-0.1142493407502183;-0.978147600733837
-0.1302120412721332;-0.10419519753306208;-0.9859960370705303
-0.09015718320780573;-0.08706377979206169;-0.992114701314497
-0.054529271499570965;-0.06347078079280247;-0.9964928592495172
-0.024218044649670666;-0.03416221141234488;-0.9991228300988647
7.601595005442157e-14;1.3166348767998023e-13;-1.0
0.0174763206078105;0.038054547603061185;-0.9991228300988519
0.027702672814861815;0.07895912476519686;-0.9964928592494915
0.030320853445507504;0.12161030088795524;-0.9921147013144584
0.025129667379834675;0.1648645343871434;-0.9859960370704789
0.012088989691022484;0.2075599371435;-0.978147600733773
-0.008679151897147425;0.24853839200511946;-0.9685831611285919
-0.036892494846222486;0.2866676184522059;-0.9573194975320214
-0.0721134258382726;0.3208627824336241;-0.9443763702374286
-0.11375674282641007;0.35010725463910014;-0.9297764858881936
-0.16110015442920644;0.37347213693068737;-0.9135454576425367
-0.2132973260675908;0.3901341990409902;-0.8957117602393422
-0.2693932357788592;0.3993918965467785;-0.8763066800437865
-0.32834156048986474;0.40067917601903413;-0.8553642601604233
-0.38902377645774855;0.393576813499791;-0.83292124071001
-0.45026962626617295;0.37782107733000003;-0.8090169943748519
-0.5108785797680104;0.3533095550350315;-0.7836934573257381
-0.5696418981471244;0.32010403557952566;-0.7569950556516489
-0.6253648991637538;0.27843039189250957;-0.7289686274212982
-0.6768890178525269;0.2286754631622792;-0.6996633405132491
-0.723113260528887;0.17138099101496546;-0.6691306063587364
-0.7630146608635292;0.10723471732763512;-0.6374239897485627
-0.795667364807556;0.037058803110627245;-0.6045991148622428
-0.8202599959658343;-0.03820422331618982;-0.5707135676842948
-0.8361109841715021;-0.11750773561961916;-0.5358267949788551
-0.842681576944275;-0.19971920257916076;-0.499999999999854
-0.8395862955478013;-0.283639976326813;-0.4632960351197115
-0.8266006437324028;-0.36802631788454104;-0.4257792915649184
-0.8036659271161153;-0.451611279586106;-0.38751558645194495
-0.7708910936120367;-0.5331270482873912;-0.34857204732165703
-0.7285515593998033;-0.6113273447864804;-0.30901699437478597
-0.6770850396799992;-0.6850094737460757;-0.2689198206151013
-0.6170844578468042;-0.7530356246577571;-0.22835087011048863
-0.5492880597769774;-0.814353037896116;-0.1873813145855551
-0.4745669106976819;-0.8680126704357156;-0.14608302856223995
-0.3939099996379355;-0.9131860229724176;-0.10452846326747996
-0.3084072199244005;-0.9491798235085717;-0.0627905195291383
-0.2192305327616212;-0.9754483013232902;-0.02094241988318063
-0.12761365393752963;-0.9916028289482307;0.020942419883534232
-0.03483063051739796;-0.9974187575110954;0.06279051952948773
0.0578263054543055;-0.9928393217255104;0.10452846326782816
0.14906920610162103;-0.9779765439713853;0.14608302856258631
0.2376367937200407;-0.9531091213573182;0.18738131458589902
0.3223163591662328;-0.9186773343962782;0.22835087011082952
0.401964777042407;-0.8752750699622425;0.2689198206154385
0.4755282581478791;-0.823639103546093;0.309016994375119
0.5420604826312984;-0.7646358355421773;0.34857204732198516
0.6007387867170131;-0.6992457224683777;0.387515586452271
0.650878111262115;-0.6285456858129451;0.4257792915652384
0.6919424610833701;-0.5536898178510747;0.46329603512002177
0.7235536692359844;-0.47588873461659764;0.5000000000001572
0.7454973094056513;-0.3963879506888495;0.5358267949791508
0.7577256514007897;-0.3164456681169527;0.5707135676845824
0.7603576084611894;-0.23731038233216006;0.6045991148625217
0.7536756797547131;-0.16019871110265346;0.6374239897488325
0.7381199460215022;-0.0862738484064328;0.6691306063589967
0.714279229852635;-0.016625033612529455;0.6996633405134992
0.6828795835837069;0.047751592221606444;0.7289686274215403
0.6447703163070172;0.10597039646975005;0.75699505565188
0.6009078161766047;0.15727161664570757;0.7836934573259556
0.5523374641857934;0.20103439623396643;0.8090169943750576
0.5001739702100211;0.23678725957728314;0.8329212407102038
0.4455804906988306;0.264215837429346;0.8553642601606047
0.38974690945060253;0.28316770487477;0.8763066800439553
0.3338676780108581;0.29365424592247635;0.895711760239498
0.2791196201253201;0.2958495132352343;0.913545457642679
0.22664010520921202;0.2900861061821461;0.9297764858883225
0.17750598895523886;0.27684814469665886;0.9443763702375448
0.13271370511887093;0.25676146930266563;0.9573194975321236
0.09316087144764429;0.23058124817315698;0.9685831611286789
0.059629745044820506;0.1991772192910389;0.9781476007338459
0.032772828680578556;0.16351683883156812;0.9859960370705373
0.013100890300767979;0.1246466449968194;0.9921147013145023
0.0009736139488198625;0.08367217901186438;0.9964928592495208
-0.003406947688260231;0.041736831248680016;0.9991228300988666
3.439878596199623e-14;-1.9508520944268792e-13;1.0
0.011073353403711557;-0.04038503707638506;0.9991228300988501
0.029532468501417948;-0.07829313360055047;0.9964928592494876
0.05494247332850477;-0.11264876413117436;0.9921147013144527
0.08672243792708138;-0.14244659926199787;0.9859960370704719
0.12415625248746956;-0.1667707892499412;0.9781476007337642
0.1664060149941479;-0.18481260279518844;0.9685831611285813
0.2125276839092198;-0.19588609755989408;0.9573194975320092
0.2614887100956142;-0.19944153486607924;0.9443763702374146
0.3121873260529254;-0.19507629210480118;0.9297764858881766
0.3634731402683588;-0.18254307196982425;0.9135454576425179
0.41416866062479973;-0.16175525687048106;0.8957117602393218
0.46309135379176497;-0.13278930888435975;0.8763066800437644
0.50907583766277;-0.09588416943480074;0.8553642601603995
0.5509958013742337;-0.051437667541431566;0.8329212407099864
0.5877852522926391;2.7031852485775423e-13;0.8090169943748268
0.6184587015002102;0.0577355997937728;0.7836934573257117
0.6421299185245494;0.12094483641170703;0.7569950556516212
0.6580289119947375;0.18868675421071;0.7289686274212691
0.6655168250942392;0.2599203059754497;0.6996633405132161
0.6640984725340144;0.33352278844484445;0.6691306063587023
0.653432288599245;0.40830981069406386;0.6374239897485272
0.6333375028512477;0.48305643333877946;0.6045991148622062
0.603798410437043;0.55651909510349;0.570713567684257
0.5649656567566596;0.6274579288432355;0.5358267949788191
0.5171545105024833;0.6946590618908816;0.4999999999998172
0.46084015382851823;0.7569564957523633;0.4632960351196738
0.3966500726349626;0.8132531676871525;0.4257792915648799
0.3253536826786502;0.8625408114543194;0.38751558645190576
0.24784937748343547;0.9039182562085424;0.34857204732161384
0.16514923091247508;0.9366078308003934;0.30901699437474217
0.07836162992388855;0.9599695750574793;0.2689198206150569
-0.01132784931403402;0.9735129993737741;0.2283508701104438
-0.10267697680655469;0.9769061783907769;0.18738131458550986
-0.19440844477900054;0.9699820129078199;0.1460830285621979
-0.28523209459405335;0.9527415455308103;0.10452846326743767
-0.37386739287499854;0.9253542690246356;0.06279051952909588
-0.4590657505964277;0.8881554209026575;0.02094241988313813
-0.539632281713173;0.8416403124746666;-0.020942419883576733
-0.6144466080389677;0.7864557943881006;-0.06279051952953371
-0.6824823343741852;0.7233890126577952;-0.10452846326787398
-0.7428248420032333;0.653353658341974;-0.1460830285626319
-0.7946870791976062;0.5773739594928238;-0.1873813145859443
-0.8374230637154584;0.49656670496220545;-0.22835087011087435
-0.8705388538221734;0.4121216253317885;-0.2689198206154795
-0.8937007903130065;0.32528048601360987;-0.3090169943751594
-0.9067408615629324;0.23731527089052457;-0.348572047322025
-0.909659095859589;0.1495058513117031;-0.3875155864523102
-0.9026229392425968;0.06311754452785928;-0.4257792915652769
-0.8859636317952297;-0.020621032424112427;-0.4632960351200626
-0.8601696498174947;-0.10053941283223858;-0.5000000000001972
-0.8258773345621386;-0.17554564659616848;-0.5358267949791896
-0.7838588792687896;-0.24464521465209493;-0.5707135676846201
-0.7350078941579617;-0.30695814996981174;-0.6045991148625585
-0.6803228129744959;-0.3617340562334537;-0.6374239897488653
-0.6208884438006176;-0.40836475360692737;-0.6691306063590282
-0.5578560004806034;-0.4463943241902094;-0.6996633405135295
-0.4924219785007785;-0.47552637710698226;-0.7289686274215694
-0.42580626005066113;-0.495628403766606;-0.7569950556519078
-0.35922984687354553;-0.5067331467939065;-0.7836934573259843
-0.2938926261458779;-0.509036960455116;-0.8090169943750847
-0.23095157388417054;-0.5028951951392625;-0.8329212407102292
-0.17149979227946896;-0.48881469258601423;-0.8553642601606286
-0.116546762050497;-0.4674435310985135;-0.8763066800439775
-0.06700016866639331;-0.4395582099873704;-0.8957117602395168
-0.023649632523036868;-0.40604850905023876;-0.9135454576426963
0.012847361612714733;-0.36790030115334926;-0.9297764858883382
0.0419770807162461;-0.3261766331782136;-0.9443763702375588
0.06337849478064127;-0.2819974220523284;-0.957319497532136
0.07684940146318239;-0.23651813772458113;-0.9685831611286905
0.08234961385591334;-0.19090786331731893;-0.9781476007338554
0.08000115467998789;-0.1463271339535121;-0.9859960370705451
0.07008545477812224;-0.10390595971438892;-0.9921147013145081
0.05303760838904122;-0.06472243475857377;-0.9964928592495246
0.029437791338791357;-0.029782323890548863;-0.9991228300988684
-1.8431397977124467e-13;1.5465779244669887e-13;-1.0
-0.03444168229107496;0.02381891887195339;-0.9991228300988483
-0.07294903958910515;0.040992915092917546;-0.996492859249484
-0.11449760621457761;0.05097761868581643;-0.9921147013144473
-0.15799615071541542;0.053376317224510444;-0.9859960370704641
-0.20230740428405874;0.04794773561541514;-0.9781476007337546
-0.24626965427855493;0.034610942774040226;-0.9685831611285699
-0.2887188076889984;0.013447294587768738;-0.9573194975319959
-0.32851052077591825;-0.01530062341113072;-0.9443763702373994
-0.3645419898436084;-0.05123303553689605;-0.929776485888161
-0.39577300422193096;-0.09379992510605493;-0.9135454576425006
-0.42124587590368845;-0.14231076769922923;-0.8957117602393029
-0.4401038806783461;-0.19594687219389725;-0.8763066800437439
-0.45160787264548524;-0.2537761056618792;-0.8553642601603775
-0.45515076719142816;-0.3147697347256144;-0.832921240709961
-0.4502696262658804;-0.37782107733046033;-0.8090169943747998
-0.4366551233975388;-0.44176562581939055;-0.7836934573256832
-0.41415821354513493;-0.5054022752937972;-0.7569950556515911
-0.3827938837265448;-0.5675152709990678;-0.7289686274212376
-0.34274191347862604;-0.6268964752548382;-0.6996633405131858
-0.29434462860797617;-0.6823675484983956;-0.6691306063586706
-0.23810168640830354;-0.7328016404339124;-0.6374239897484945
-0.17466198454843818;-0.7771441960546825;-0.6045991148621723
-0.10481283819280342;-0.8144324972710237;-0.5707135676842221
-0.02946661965141078;-0.8438135837429303;-0.5358267949787803
0.050354898935677544;-0.8645602258682737;-0.4999999999997773
0.1335382175350187;-0.8760846581809305;-0.463296035119633
0.2188974757229701;-0.8779498220266669;-0.4257792915648383
0.3051951657876262;-0.8698779115696248;-0.3875155864518633
0.39116381690872015;-0.8517560661171997;-0.348572047321574
0.4755282581480928;-0.8236391035461261;-0.30901699437470176
0.5570280573661432;-0.7857492433259406;-0.268919820615016
0.6344397298858255;-0.7384728222908564;-0.2283508701104024
0.7065983148148097;-0.6823540609134622;-0.1873813145854681
0.7724179283343777;-0.6180859913909533;-0.14608302856215233
0.8309109217638277;-0.5464987103923884;-0.10452846326739186
0.8812052974749015;-0.46854516789680195;-0.0627905195290499
0.9225600673028365;-0.38528474829355264;-0.02094241988309208
0.9543782754054426;-0.29786494000394076;0.020942419883622786
0.9762174498804295;-0.20750142458825943;0.06279051952957614
0.9877972940940297;-0.11545694499405837;0.10452846326791625
0.9890044787528994;-0.023019334757194584;0.14608302856267041
0.9798944483554088;0.0685208948152162;0.18738131458598253
0.9606902098314537;0.1578930044479122;0.22835087011090882
0.9317781259367658;0.24386810801309927;0.26891982061551356
0.8937007903126497;0.32528048601456144;0.3090169943751897
0.8471471140670015;0.4010477464762323;0.34857204732205155
0.7929398043146382;0.47018946924614075;0.387515586452333
0.7320204624148234;0.5318439973151363;0.4257792915652961
0.6654325728010538;0.5852830724507461;0.4632960351200782
0.5943026915285398;0.6299240516456917;0.5000000000002093
0.5198201762727885;0.6653394848662201;0.5358267949791985
0.4432158259058396;0.6912638825566474;0.5707135676846259
0.36573981747538076;0.7075975524409923;0.6045991148625611
0.2886393410576613;0.7144074384316237;0.6374239897488679
0.2131363383190244;0.7119249489388314;0.6691306063590281
0.14040574860488755;0.7005408165839828;0.699663340513527
0.07155465701668334;0.6807970852569399;0.7289686274215645
0.007602722407206455;0.6533763726448724;0.7569950556519031
-0.0505357601766149;0.6190886058455832;0.7836934573259776
-0.10206783792033738;0.5788554735636398;0.8090169943750762
-0.146335630602842;0.533692879838037;0.8329212407102193
-0.1828275649552637;0.48469172051151066;0.8553642601606175
-0.2111869105859436;0.4329973340651047;0.8763066800439654
-0.23121746422093784;0.3797880024538501;0.8957117602395057
-0.2428862809731022;0.326252894754166;0.9135454576426847
-0.24632340515347972;0.27356985645854615;0.9297764858883263
-0.24181860779727132;0.22288344994625506;0.9443763702375472
-0.22981519259875247;0.17528364697152674;0.9573194975321246
-0.21090098534340834;0.1317855620284459;0.9685831611286798
-0.18579667321945112;0.09331059639293651;0.9781476007338458
-0.15534170865200592;0.060669336853736364;0.9859960370705367
-0.12047803665329208;0.03454652109555636;0.9921147013145014
-0.08223194431435604;0.015488343972073998;0.9964928592495198
-0.041694365257345975;0.0038923361904217722;0.9991228300988662
1.8363892917839343e-13;7.523053248203882e-26;1.0
0.04169436525770816;0.0038923361904900427;0.9991228300988507
0.08223194431469953;0.01548834397220846;0.9964928592494894
0.12047803665361065;0.03454652109575453;0.9921147013144558
0.15534170865229024;0.06066933685399411;0.985996037070476
0.1857966732196926;0.09331059639324842;0.9781476007337702
0.21090098534360008;0.1317855620288039;0.9685831611285893
0.22981519259888575;0.17528364697192617;0.9573194975320195
0.24181860779734127;0.22288344994668596;0.9443763702374275
0.24632340515348192;0.27356985645899934;0.9297764858881924
0.24288628097303328;0.3262528947546316;0.9135454576425368
0.23121746422079878;0.3797880024543161;0.895711760239344
0.21118691058572855;0.43299733406556423;0.8763066800437902
0.18282756495497637;0.4846917205119516;0.8553642601604291
0.1463356306024848;0.5336928798384492;0.832921240710018
0.10206783791991882;0.5788554735640152;0.8090169943748604
0.05053576017613549;0.6190886058459112;0.7836934573257495
-0.007602722407745023;0.6533763726451443;0.756995055651663
-0.07155465701727369;0.6807970852571444;0.7289686274213155
-0.1404057486055066;0.7005408165841184;0.6996633405132671
-0.2131363383196775;0.7119249489388899;0.6691306063587579
-0.2886393410583335;0.7144074384316021;0.6374239897485876
-0.36573981747605644;0.7075975524408905;0.6045991148622715
-0.44321582590651804;0.691263882556459;0.5707135676843272
-0.5198201762734538;0.6653394848659477;0.5358267949788914
-0.5943026915291851;0.6299240516453327;0.4999999999998943
-0.6654325728016558;0.585283072450317;0.4632960351197559
-0.7320204624153845;0.5318439973146276;0.42577929156496697
-0.7929398043151481;0.47018946924555743;0.3875155864519977
-0.8471471140674418;0.4010477464755985;0.34857204732171065
-0.8937007903130219;0.32528048601386766;0.30901699437484376
-0.9317781259370611;0.24386810801236086;0.26891982061515984
-0.9606902098316646;0.1578930044471455;0.22835087011055125
-0.9798944483555337;0.06852089481441814;0.18738131458562177
-0.9890044787529336;-0.02301933475800614;0.1460830285623106
-0.987797294093972;-0.11545694499487914;0.10452846326755452
-0.9762174498802845;-0.20750142458905013;0.06279051952921667
-0.9543782754052099;-0.2978649400047114;0.020942419883262692
-0.9225600673025193;-0.3852847482942926;-0.02094241988344862
-0.8812052974745148;-0.4685451678974823;-0.06279051952940227
-0.8309109217633689;-0.5464987103930196;-0.10452846326773946
-0.7724179283338538;-0.6180859913915271;-0.14608302856249458
-0.7065983148142434;-0.6823540609139565;-0.18738131458580445
-0.634439729885212;-0.7384728222912814;-0.2283508701107323
-0.557028057365492;-0.7857492433262917;-0.2689198206153389
-0.4755282581474193;-0.8236391035463966;-0.3090169943750173
-0.3911638169080411;-0.8517560661173857;-0.3485720473218816
-0.3051951657869389;-0.8698779115697297;-0.38751558645216916
-0.21889747572229185;-0.877949822026692;-0.4257792915651352
-0.13353821753436537;-0.8760846581808779;-0.46329603511992073
-0.05035489893504585;-0.8645602258681497;-0.5000000000000554
0.029466619652006268;-0.8438135837427393;-0.5358267949790484
0.10481283819334944;-0.8144324972707728;-0.5707135676844799
0.17466198454893989;-0.7771441960543775;-0.6045991148624196
0.2381016864087498;-0.7328016404335618;-0.6374239897487309
0.2943446286083676;-0.6823675484980057;-0.6691306063588961
0.34274191347894994;-0.6268964752544219;-0.6996633405134
0.3827938837268029;-0.5675152709986301;-0.7289686274214429
0.4141582135453314;-0.5054022752933461;-0.7569950556517846
0.4366551233976673;-0.441765625818941;-0.7836934573258649
0.4502696262659463;-0.3778210773300178;-0.8090169943749697
0.4551507671914367;-0.31476973472518377;-0.832921240710119
0.45160787264543606;-0.25377610566147446;-0.8553642601605236
0.4401038806782433;-0.19594687219352058;-0.8763066800438798
0.42124587590354146;-0.1423107676988851;-0.8957117602394267
0.39577300422174544;-0.09379992510574868;-0.9135454576426124
0.3645419898433896;-0.051233035536639965;-0.9297764858882609
0.32851052077567156;-0.015300623410919667;-0.9443763702374887
0.28871880768873415;0.013447294587931823;-0.9573194975320732
0.2462696542782812;0.03461094277414865;-0.9685831611286356
0.20230740428378258;0.04794773561547465;-0.9781476007338088
0.157996150715144;0.05337631722452169;-0.9859960370705071
0.11449760621431904;0.050977618685778624;-0.9921147013144791
0.07294903958886483;0.04099291509283659;-0.9964928592495049
0.03444168229085898;0.02381891887183272;-0.9991228300988586
-1.783402696367606e-15;-1.4964525447626791e-15;-1.0
-0.029437791338943337;-0.029782323890734923;-0.9991228300988584
-0.053037608389157324;-0.06472243475878703;-0.9964928592495046
-0.07008545477819746;-0.10390595971462038;-0.9921147013144785
-0.08000115468002321;-0.1463271339537578;-0.9859960370705056
-0.0823496138559039;-0.19090786331757045;-0.9781476007338071
-0.07684940146312932;-0.23651813772483132;-0.9685831611286335
-0.06337849478054365;-0.2819974220525713;-0.9573194975320708
-0.041977080716109845;-0.32617663317844214;-0.944376370237486
-0.012847361612540624;-0.3679003011535582;-0.9297764858882579
0.023649632523248233;-0.4060485090504227;-0.9135454576426091
0.067000168666632;-0.43955820998752515;-0.895711760239423
0.11654676205076195;-0.46744353109863795;-0.8763066800438758
0.17149979227975795;-0.4888146925861007;-0.8553642601605211
0.23095157388447116;-0.5028951951393112;-0.8329212407101164
0.29389262614618794;-0.5090369604551243;-0.809016994374967
0.35922984687386267;-0.5067331467938707;-0.783693457325862
0.4258062600509794;-0.49562840376652545;-0.7569950556517816
0.49242197850108177;-0.47552637710686724;-0.7289686274214396
0.5578560004808963;-0.4463943241900517;-0.6996633405133966
0.6208884438008947;-0.4083647536067284;-0.6691306063588925
0.680322812974744;-0.36173405623323024;-0.6374239897487274
0.7350078941581866;-0.3069581499695541;-0.6045991148624159
0.7838588792689848;-0.24464521465180555;-0.5707135676844761
0.8258773345622965;-0.1755456465958689;-0.5358267949790445
0.8601696498176171;-0.10053941283191642;-0.5000000000000513
0.885963631795314;-0.02062103242377231;-0.46329603511991657
0.9026229392426414;0.06311754452820598;-0.425779291565131
0.9096590958595976;0.14950585131204508;-0.3875155864521583
0.9067408615629002;0.23731527089086935;-0.3485720473218739
0.893700790312936;0.325280486013946;-0.30901699437500946
0.8705388538220694;0.41212162533210506;-0.26891982061533104
0.8374230637153182;0.49656670496251093;-0.22835087011072433
0.7946870791974349;0.5773739594931075;-0.18738131458579638
0.7428248420030389;0.6533536583422274;-0.14608302856248645
0.6824823343739624;0.7233890126580258;-0.1045284632677313
0.6144466080387254;0.786455794388301;-0.06279051952939409
0.5396322817129096;0.8416403124748391;-0.02094241988344041
0.4590657505961594;0.8881554209027931;0.0209424198832709
0.37386739287472387;0.9253542690247377;0.06279051952922486
0.28523209459376997;0.9527415455308813;0.10452846326756268
0.1944084447787261;0.9699820129078568;0.14608302856231872
0.10267697680628636;0.9769061783907821;0.18738131458562984
0.011327849313768701;0.97351299937375;0.22835087011055924
-0.0783616299241337;0.9599695750574282;0.2689198206151677
-0.1651492309127041;0.9366078308003182;0.3090169943748482
-0.2478493774836523;0.903918256208444;0.348572047321715
-0.32535368267885234;0.8625408114541998;0.387515586452002
-0.3966500726351305;0.8132531676870229;0.4257792915649712
-0.4608401538286686;0.756956495752219;0.46329603511976003
-0.5171545105026147;0.6946590618907252;0.49999999999989836
-0.5649656567567579;0.6274579288430819;0.5358267949788953
-0.6037984104371209;0.5565190951033293;0.570713567684331
-0.6333375028513066;0.4830564333386158;0.6045991148622751
-0.6534322885992765;0.4083098106939137;0.6374239897485913
-0.6640984725340292;0.33352278844469646;0.6691306063587613
-0.6655168250942382;0.2599203059753059;0.6996633405132704
-0.6580289119947208;0.18868675421057712;0.7289686274213186
-0.6421299185245183;0.12094483641159103;0.7569950556516661
-0.6184587015001688;0.05773559979366561;0.7836934573257524
-0.5877852522925834;1.7713913769216813e-13;0.8090169943748673
-0.5509958013741721;-0.05143766754150603;0.8329212407100226
-0.5090758376627011;-0.09588416943486387;0.8553642601604333
-0.46309135379169475;-0.13278930888440837;0.8763066800437942
-0.4141686606247289;-0.16175525687051892;0.8957117602393476
-0.36347314026829175;-0.18254307196984657;0.9135454576425401
-0.3121873260528624;-0.19507629210481217;0.9297764858881955
-0.26148871009555535;-0.19944153486608232;0.9443763702374303
-0.2125276839091689;-0.19588609755988715;0.9573194975320218
-0.1664060149941042;-0.18481260279517508;0.9685831611285913
-0.12415625248743227;-0.16677078924992403;0.9781476007337718
-0.08672243792705285;-0.14244659926197678;0.9859960370704774
-0.05494247332848202;-0.11264876413114867;0.9921147013144568
-0.02953246850140174;-0.07829313360052487;0.99649285924949
-0.01107335340370167;-0.04038503707636061;0.9991228300988512
-3.0463114002228486e-14;-1.7276490460938784e-13;1.0
0.003406947688259616;0.04173683124869922;0.9991228300988658
-0.0009736139488243894;0.08367217901187984;0.9964928592495195
-0.013100890300773042;0.12464664499683084;0.9921147013145007
-0.0327728286805852;0.16351683883157528;0.985996037070536
-0.05962974504482799;0.19917721929104168;0.9781476007338448
-0.09316087144764694;0.2305812481731573;0.9685831611286786
-0.1327137051188739;0.2567614693026655;0.9573194975321232
-0.1775059889552403;0.2768481446966555;0.9443763702375456
-0.22664010520920935;0.29008610618214137;0.9297764858883246
-0.27911962012531066;0.2958495132352315;0.9135454576426829
-0.3338676780108459;0.29365424592247275;0.8957117602395036
-0.3897469094505855;0.283167704874769;0.8763066800439632
-0.4455804906988072;0.2642158374293522;0.8553642601606151
-0.5001739702099957;0.23678725957729146;0.8329212407102168
-0.5523374641857648;0.20103439623398126;0.8090169943750735
-0.6009078161765729;0.15727161664573433;0.7836934573259746
-0.644770316306994;0.10597039646978239;0.7569950556518954
-0.6828795835836843;0.047751592221647224;0.7289686274215589
-0.7142792298526147;-0.016625033612484855;0.6996633405135211
-0.738119946021486;-0.08627384840637409;0.669130606359022
-0.7536756797547028;-0.16019871110258585;0.6374239897488616
-0.7603576084611852;-0.23731038233208945;0.6045991148625546
-0.7577256514007968;-0.31644566811686914;0.5707135676846191
-0.7454973094056697;-0.3963879506887596;0.5358267949791916
-0.7235536692360123;-0.4758887346165079;0.5000000000002022
-0.6919424610834157;-0.5536898178509767;0.46329603512007095
-0.6508781112621771;-0.6285456858128469;0.42577929156528865
-0.6007387867170861;-0.6992457224682849;0.3875155864523254
-0.5420604826313818;-0.7646358355420914;0.34857204732204383
-0.4755282581479899;-0.8236391035460054;0.3090169943751819
-0.4019647770425278;-0.8752750699621663;0.2689198206155057
-0.3223163591663623;-0.9186773343962149;0.22835087011090083
-0.23763679372019764;-0.9531091213572642;0.18738131458597448
-0.14906920610178387;-0.9779765439713487;0.1460830285626658
-0.0578263054544721;-0.9928393217254919;0.10452846326791161
0.03483063051722279;-0.9974187575110961;0.06279051952957504
0.12761365393734134;-0.9916028289482531;0.020942419883621683
0.21923053276143661;-0.9754483013233336;-0.02094241988308963
0.30840721992421566;-0.949179823508638;-0.06279051952904391
0.3939099996377469;-0.9131860229725101;-0.10452846326738237
0.47456691069750595;-0.8680126704358286;-0.14608302856213937
0.5492880597768108;-0.8143530378962522;-0.18738131458545174
0.6170844578466451;-0.7530356246579196;-0.22835087011038271
0.6770850396798613;-0.6850094737462543;-0.2689198206149931
0.7285515593996844;-0.6113273447866777;-0.3090169943746758
0.7708910936119434;-0.5331270482875995;-0.34857204732154506
0.8036659271160411;-0.4516112795863324;-0.38751558645183487
0.8266006437323549;-0.36802631788477785;-0.4257792915648071
0.8395862955477799;-0.28363997632704957;-0.46329603511960565
0.84268157694428;-0.19971920257940662;-0.4999999999997475
0.8361109841715361;-0.1175077356198644;-0.5358267949787482
0.8202599959658978;-0.0382042233164246;-0.570713567684188
0.7956673648076477;0.03705880311039532;-0.6045991148621364
0.7630146608636483;0.10723471732741585;-0.637423989748457
0.7231132605290307;0.17138099101476784;-0.6691306063586319
0.6768890178526918;0.22867546316210619;-0.6996633405131459
0.6253648991639403;0.27843039189234936;-0.7289686274211994
0.5696418981473258;0.3201040355793956;-0.7569950556515522
0.5108785797682228;0.3533095550349331;-0.7836934573256441
0.45026962626639966;0.3778210773299248;-0.8090169943747607
0.3890237764579775;0.3935768134997503;-0.8329212407099222
0.3283415604900913;0.4006791760190278;-0.8553642601603394
0.2693932357790871;0.3993918965467999;-0.8763066800437068
0.2132973260678068;0.39013419904104485;-0.895711760239267
0.16110015442940612;0.37347213693077314;-0.9135454576424664
0.1137567428265918;0.35010725463921344;-0.9297764858881287
0.07211342583843379;0.3208627824337585;-0.9443763702373706
0.03689249484635585;0.2866676184523623;-0.9573194975319694
0.008679151897251972;0.24853839200529354;-0.9685831611285463
-0.012088989690948038;0.2075599371436875;-0.9781476007337342
-0.025129667379795398;0.16486453438733936;-0.9859960370704471
-0.030320853445503372;0.12161030088815471;-0.9921147013144341
-0.027702672814892956;0.0789591247653946;-0.996492859249475
-0.017476320607877963;0.03805454760325136;-0.9991228300988435
-1.7837047201927243e-13;3.089467201079793e-13;-1.0
0.024218044649535354;-0.03416221141218574;-0.9991228300988734
0.054529271499407006;-0.06347078079266973;-0.9964928592495347
0.09015718320761454;-0.08706377979195713;-0.9921147013145235
0.1302120412719195;-0.10419519753298927;-0.9859960370705662
0.17370768352809768;-0.11424934075018293;-0.9781476007338825
0.21958013724015918;-0.11675282997634405;-0.968583161128722
0.2667076874445106;-0.11138397148040605;-0.9573194975321736
0.31393203363502004;-0.09797933248716599;-0.9443763702376029
0.3600801479793202;-0.07653739818043029;-0.9297764858883888
0.4039864354016984;-0.047219242176480096;-0.9135454576427537
0.44451479028789415;-0.0103461965871878;-0.8957117602395811
0.480580146364154;0.03360543751818059;-0.8763066800440471
0.5111691254444751;0.08401254449223451;-0.8553642601607053
0.5353594070599522;0.14011606633790774;-0.8329212407103131
0.5523374641858992;0.20103439623319955;-0.8090169943751759
0.5614143399440541;0.2657790508100163;-0.7836934573260829
0.5620391757393972;0.3332723370647245;-0.7569950556520139
0.5538102421466128;0.40236669336372477;-0.728968627421683
0.5364832692472676;0.47186535342091307;-0.6996633405136506
0.5099769222095759;0.5405439579230124;-0.6691306063591568
0.47437531980567976;0.6071727211030846;-0.6374239897490013
0.42992754733209715;0.6705387493294092;-0.604599114862699
0.37704417006002444;0.7294681058718544;-0.570713567684768
0.31629080789885955;0.7828472204848467;-0.5358267949793446
0.24837888541600825;0.8296432542238514;-0.5000000000003593
0.1741537227471396;0.8689230487765792;-0.46329603512023165
0.09458018131808477;0.8998703151987287;-0.4257792915654527
0.010726122802095027;0.9218007488313379;-0.38751558645249257
-0.07625602045422483;0.9341747947627816;-0.3485720473222138
-0.16514923091200956;0.9366078308002735;-0.30901699437535435
-0.2546930862558351;0.9288775817584942;-0.2689198206156803
-0.3436057519836276;0.9109286291050906;-0.22835087011107735
-0.4306063885773445;0.8828739327108612;-0.1873813145861526
-0.5144375680540718;0.8449933356781693;-0.1460830285628452
-0.5938872944548997;0.7977290779781381;-0.10452846326809194
-0.6678102299548154;0.7416783989202327;-0.06279051952975599
-0.7351477426425983;0.6775833613194044;-0.020942419883802955
-0.7949464133640977;0.6063180806548695;0.020942419882915463
-0.8463746669563211;0.5288735896146366;0.06279051952887005
-0.888737227216993;0.44634061133359426;0.1045284632672091
-0.9214871344349235;0.35989055258102653;0.14608302856196703
-0.9442351085338562;0.27075506044458175;0.18738131458528062
-0.9567560890511524;0.18020451210625107;0.22835087011021313
-0.9589928344077513;0.08952582663722006;0.26891982061482533
-0.9510565162952956;9.763646537811088e-13;0.3090169943745101
-0.9332242995394633;-0.0871202305739513;0.34857204732138175
-0.9059339525042162;-0.170632189100133;0.3875155864516743
-0.8697755869848044;-0.249404136212582;0.4257792915646495
-0.8254806786182447;-0.3223948403286943;0.46329603511944495
-0.773908568171655;-0.38867149125052686;0.4999999999995905
-0.7160306897543731;-0.44742563305296135;0.5358267949785951
-0.6529128132082511;-0.49798682915298387;0.5707135676840391
-0.5856956239131361;-0.5398338137214989;0.6045991148619919
-0.5155739933469097;-0.5726029293303151;0.6374239897483174
-0.4437753174141314;-0.5960937000910989;0.6691306063584971
-0.3715373163746986;-0.6102714416415486;0.6996633405130164
-0.30008569985792594;-0.6152668632200277;0.7289686274210754
-0.23061210276269922;-0.6113726717630164;0.7569950556514338
-0.16425269277992394;-0.5990372424646896;0.7836934573255315
-0.10206783792079129;-0.5788554735641497;0.8090169943746541
-0.04502320301947219;-0.551556994302745;0.8329212407098219
0.006027381945786288;-0.5179919430911987;0.8553642601602455
0.05035697122690965;-0.4791145770687652;0.8763066800436194
0.08737819789204673;-0.4359650136219151;0.8957117602391864
0.11665338409588906;-0.3896494383416052;0.9135454576423927
0.13790188463375583;-0.3413191417194541;0.9297764858880619
0.15100453182012716;-0.29214876810828;0.9443763702373109
0.15600510256967876;-0.24331417471545289;0.957319497531917
0.15310878283057186;-0.1959703053997229;0.9685831611285012
0.14267765923901027;-0.15122948367625633;0.978147600733698
0.1252233220347285;-0.11014052160770503;0.9859960370704182
0.10139671591382046;-0.0736690263116496;0.9921147013144123
0.07197542564041375;-0.04267926391957204;0.9964928592494603
0.037848629979577456;-0.01791791237731315;0.9991228300988362
4.989263943604477e-13;-1.8159435663762603e-13;1.0
-0.040511144742056256;0.01060271318537629;0.9991228300988807
-0.08257007688992868;0.013570698841599454;0.9964928592495492
-0.12502792810602426;0.00874280441650613;0.9921147013145454
-0.1667235926064098;-0.0038805346916797713;0.9859960370705952
-0.20650586634268248;-0.024137074067426798;0.9781476007339187
-0.24325541645660811;-0.051705534929319126;0.9685831611287671
-0.27590617868913375;-0.08611132449223008;0.957319497532226
-0.303465790811147;-0.12673509831180363;0.9443763702376625
-0.3250346876649621;-0.17282400904809286;0.9297764858884555
-0.3398235077446937;-0.22350543707983717;0.9135454576428275
-0.34716849195785066;-0.27780295311619463;0.8957117602396617
-0.3465445917408006;-0.3346542222133599;0.8763066800441345
-0.33757604538293345;-0.39293052315032523;0.8553642601607993
-0.3200442274898191;-0.45145752759686086;0.8329212407104135
-0.2938926261466468;-0.5090369604543579;0.8090169943752825
-0.2592288546266857;-0.5644687465866035;0.7836934573261954
-0.21632365847406007;-0.6165732401772098;0.7569950556521323
-0.16560693349428068;-0.6642131313165883;0.7289686274218071
-0.10766082461410675;-0.7063146301645667;0.6996633405137801
-0.043210028734014236;-0.7418875420507158;0.6691306063592916
0.026890524374477795;-0.7700438669265229;0.6374239897491409
0.1016703913058045;-0.7900145833076696;0.6045991148628435
0.18006046883071147;-0.8011643097547583;0.5707135676849169
0.2609116778043162;-0.8030035754387;0.5358267949794977
0.34301513931374533;-0.795198474722541;0.5000000000005163
0.4251234779653631;-0.7775775281760382;0.4632960351203923
0.5059728666062133;-0.7501356231590246;0.42577929156561034
0.5843054131794686;-0.7130349601425072;0.38751558645265316
0.6588914840780039;-0.6666029853180765;0.34857204732237707
0.7285515593990397;-0.6113273447870196;0.30901699437552
0.7921772238967995;-0.5478479497261078;0.26891982061584807
0.8487509130280514;-0.47694629441215447;0.22835087011124697
0.8973640560027888;-0.3995322188987077;0.1873813145863237
0.9372332867809361;-0.31662835456676997;0.14608302856301753
0.9677144289670468;-0.2293525328740827;0.10452846326826519
0.988314000912904;-0.1388984746377366;0.06279051952992985
0.9986980323086712;-0.04651510842932291;0.02094241988397712
0.9986980323088257;0.046515108426563465;-0.02094241988273419
0.9883140009133633;0.13889847463502958;-0.0627905195286891
0.9677144289678041;0.22935253287145144;-0.10452846326702879
0.9372332867819834;0.31662835456423744;-0.14608302856178765
0.8973640560041004;0.3995322188963347;-0.18738131458510252
0.8487509130296106;0.4769462944099594;-0.2283508701100366
0.7921772238985888;0.5478479497241082;-0.2689198206146507
0.7285515594010151;0.6113273447852628;-0.30901699437433766
0.6588914840801419;0.6666029853165728;-0.34857204732121183
0.5843054131817349;0.7130349601412728;-0.38751558645150713
0.5059728666085828;0.7501356231580648;-0.42577929156448546
0.4251234779677794;0.7775775281753775;-0.4632960351192843
0.34301513931617983;0.7951984747221716;-0.49999999999943345
0.2609116778067429;0.8030035754386159;-0.5358267949784421
0.18006046883307117;0.8011643097549593;-0.5707135676838903
0.10167039130807358;0.7900145833081397;-0.6045991148618476
0.026890524376634205;0.7700438669272451;-0.6374239897481776
-0.04321002873202265;0.7418875420516697;-0.6691306063583624
-0.10766082461229616;0.7063146301657275;-0.6996633405128868
-0.16560693349267458;0.664213131317928;-0.7289686274209511
-0.21632365847266727;0.6165732401786959;-0.75699505565132
-0.2592288546255401;0.5644687465882018;-0.7836934573254233
-0.2938926261457498;0.5090369604560371;-0.8090169943745518
-0.32004422748916994;0.45145752759859026;-0.8329212407097255
-0.3375760453825458;0.3929305231520602;-0.8553642601601552
-0.34654459174066393;0.33465422221506963;-0.8763066800435355
-0.3471684919579522;0.27780295311784997;-0.8957117602391089
-0.33982350774502795;0.2235054370813958;-0.9135454576423218
-0.3250346876655074;0.17282400904952938;-0.9297764858879979
-0.30346579081188185;0.12673509831309063;-0.9443763702372536
-0.2759061786900318;0.08611132449334734;-0.9573194975318666
-0.24325541645764373;0.05170553493023844;-0.9685831611284579
-0.20650586634382392;0.024137074068135873;-0.9781476007336602
-0.16672359260762454;0.0038805346921691607;-0.9859960370703879
-0.1250279281072787;-0.008742804416248336;-0.9921147013143895
-0.08257007689118843;-0.013570698841573293;-0.9964928592494452
-0.0405111447432872;-0.010602713185578806;-0.9991228300988286
-6.693028737315012e-13;-2.4360632374590085e-13;-1.0
0.03784862997850407;0.017917912376677586;-0.9991228300988882
0.07197542563946553;0.042679263918742244;-0.9964928592495643
0.10139671591302628;0.07366902631064436;-0.992114701314568
0.12522332203411096;0.1101405216065511;-0.9859960370706254
0.14267765923859163;0.15122948367497943;-0.9781476007339565
0.15310878283036797;0.19597030539834537;-0.9685831611288122
0.15600510256970185;0.24331417471401626;-0.9573194975322784
0.1510045318203884;0.2921487681068158;-0.9443763702377221
0.1379018846342638;0.34131914171799504;-0.9297764858885222
0.11665338409663854;0.38964943834018845;-0.9135454576429012
0.08737819789302555;0.43596501362057677;-0.8957117602397423
0.05035697122811271;0.4791145770675371;-0.8763066800442217
0.006027381947205705;0.5179919430901126;-0.8553642601608932
-0.04502320301787067;0.5515569943018308;-0.8329212407105139
-0.10206783791902474;0.5788554735634397;-0.8090169943753849
-0.1642526927780104;0.5990372424642039;-0.7836934573263037
-0.23061210276068575;0.6113726717627699;-0.7569950556522461
-0.3000856998558366;0.6152668632200383;-0.7289686274219264
-0.3715373163725593;0.6102714416418327;-0.6996633405139046
-0.4437753174119869;0.5960937000916584;-0.669130606359421
-0.5155739933448048;0.5726029293311441;-0.6374239897492753
-0.585695623911099;0.5398338137226001;-0.6045991148629822
-0.6529128132063103;0.4979868291543584;-0.57071356768506
-0.7160306897525778;0.44742563305457744;-0.5358267949796448
-0.7739085681700306;0.38867149125237616;-0.5000000000006671
-0.825480678616817;0.3223948403307666;-0.46329603512054673
-0.8697755869836097;0.24940413621482801;-0.4257792915657744
-0.9059339525032736;0.17063218910253516;-0.3875155864528203
-0.9332242995387923;0.08712023057647743;-0.348572047322547
-0.9510565162949115;1.6525968360587665e-12;-0.30901699437569247
-0.9589928344076646;-0.08952582663455172;-0.2689198206160227
-0.956756089051369;-0.18020451210356744;-0.2283508701114235
-0.9442351085343805;-0.2707550604419074;-0.18738131458650178
-0.921487134435744;-0.35989055257842634;-0.14608302856319688
-0.8887372272181043;-0.44634061133109193;-0.1045284632684455
-0.8463746669577169;-0.5288735896122556;-0.0627905195301108
-0.7949464133657443;-0.6063180806526677;-0.020942419884158393
-0.7351477426444809;-0.6775833613174006;0.02094241988255292
-0.6678102299569076;-0.7416783989184546;0.06279051952850814
-0.5938872944571829;-0.7977290779766013;0.10452846326684848
-0.5144375680564905;-0.8449933356769105;0.1460830285616083
-0.43060638857987515;-0.8828739327098877;0.1873813145849244
-0.34360575198624643;-0.9109286291044079;0.22835087010986008
-0.2546930862584784;-0.928877581758118;0.26891982061447606
-0.1651492309146524;-0.9366078308002;0.3090169943741652
-0.07625602045684259;-0.9341747947630052;0.3485720473210419
0.01072612279956564;-0.921800748831849;0.38751558645134654
0.09458018131566542;-0.8998703151995153;0.4257792915643278
0.17415372274486324;-0.8689230487776229;0.4632960351191299
0.24837888541389314;-0.8296432542251334;0.4999999999992826
0.3162908078969562;-0.782847220486334;0.535826794978295
0.3770441700583442;-0.7294681058735216;0.5707135676837471
0.4299275473306493;-0.6705387493312304;0.6045991148617088
0.47437531980449793;-0.6071727211050136;0.6374239897480434
0.5099769222086602;-0.5405439579250199;0.669130606358233
0.5364832692466164;-0.4718653534229704;0.6996633405127624
0.5538102421462393;-0.4023666933657804;0.728968627420832
0.5620391757392903;-0.33327233706675014;0.7569950556512015
0.5614143399442038;-0.2657790508119771;0.7836934573253107
0.5523374641862886;-0.20103439623507036;0.8090169943744452
0.5353594070605686;-0.1401160663396422;0.8329212407096251
0.5111691254452935;-0.08401254449381272;0.8553642601600613
0.4805801463651479;-0.03360543751958503;0.8763066800434481
0.4445147902890358;0.010346196585991278;0.8957117602390283
0.40398643540295626;0.04721924217550096;0.913545457642248
0.36008014798066235;0.07653739817967525;0.929776485887931
0.31393203363641164;0.09797933248664799;0.944376370237194
0.26670768744591516;0.11138397148013124;0.9573194975318142
0.21958013724154346;0.11675282997630551;0.9685831611284128
0.17370768352943528;0.1142493407503748;0.9781476007336226
0.1302120412731686;0.10419519753340141;0.9859960370703577
0.09015718320874626;0.08706377979257089;0.9921147013143669
0.05452927150039437;0.06347078079346405;0.99649285924943
0.024218044650351756;0.03416221141313825;0.9991228300988211
4.467840517903478e-13;7.738526777088465e-13;1.0
-0.017476320607461272;-0.03805454760206808;0.9991228300988959
-0.02770267281469874;-0.07895912476414237;0.9964928592495795
-0.030320853445537716;-0.12161030088686772;0.9921147013145908
-0.025129667380064072;-0.16486453438605847;0.9859960370706545
-0.012088989691451077;-0.2075599371424401;0.9781476007339927
0.008679151896526455;-0.24853839200411398;0.9685831611288555
0.03689249484541559;-0.28666761845128336;0.9573194975323287
0.07211342583728941;-0.3208627824328124;0.9443763702377794
0.11375674282527179;-0.35010725463842696;0.9297764858885864
0.16110015442792922;-0.3734721369301733;0.913545457642972
0.21329732606619972;-0.3901341990406544;0.8957117602398198
0.26939323577737384;-0.39939189654664137;0.8763066800443057
0.3283415604883153;-0.4006791760191082;0.8553642601609834
0.38902377645616715;-0.3935768135000837;0.8329212407106102
0.45026962626458483;-0.377821077330523;0.8090169943754915
0.5108785797664498;-0.35330955503578393;0.7836934573264163
0.5696418981456252;-0.32010403558050105;0.7569950556523646
0.6253648991623427;-0.27843039189370944;0.7289686274220505
0.6768890178512389;-0.22867546316368928;0.6996633405140341
0.7231132605277498;-0.1713809910165646;0.6691306063595557
0.7630146608625686;-0.1072347173294039;0.6374239897494149
0.7956673648067943;-0.03705880311255977;0.6045991148631267
0.8202599959652941;0.03820422331413584;0.5707135676852089
0.8361109841711994;0.11750773561747237;0.5358267949797979
0.8426815769442272;0.19971920257693387;0.5000000000008241
0.8395862955480142;0.28363997632455634;0.4632960351207074
0.8266006437328806;0.3680263178822882;0.4257792915659384
0.8036659271168671;0.45161127958387354;0.38751558645298745
0.7708910936130511;0.5331270482852317;0.34857204732271696
0.7285515594010695;0.6113273447844259;0.3090169943758649
0.6770850396815089;0.6850094737441533;0.26891982061619735
0.6170844578485457;0.753035624655993;0.2283508701116
0.5492880597789194;0.8143530378945473;0.1873813145866799
0.47456691069980544;0.8680126704343634;0.14608302856337627
0.3939099996402194;0.9131860229713012;0.10452846326862582
0.30840721992680176;0.9491798235077157;0.06279051953028467
0.21923053276411344;0.9754483013227053;0.02094241988433256
0.1276136539400857;0.9916028289479262;-0.020942419882378754
0.03483063051996846;0.9974187575110783;-0.06279051952833428
-0.057826305451749306;0.9928393217257807;-0.10452846326667523
-0.14906920609912178;0.9779765439719382;-0.14608302856143596
-0.2376367937176194;0.9531091213581473;-0.1873813145847533
-0.32231635916392987;0.9186773343973693;-0.2283508701096905
-0.4019647770402603;0.8752750699635755;-0.26891982061430825
-0.4755282581459052;0.8236391035476526;-0.30901699437399954
-0.5420604826295298;0.7646358355439357;-0.3485720473208786
-0.600738786715477;0.6992457224703023;-0.3875155864511794
-0.6508781112608204;0.6285456858150138;-0.4257792915641638
-0.6919424610823348;0.5536898178532492;-0.4632960351189692
-0.723553669235223;0.47588873461883924;-0.4999999999991256
-0.7454973094051678;0.3963879506911225;-0.5358267949781419
-0.7577256514005769;0.3164456681192371;-0.5707135676835983
-0.7603576084612501;0.2373103823344044;-0.6045991148615644
-0.7536756797550375;0.16019871110482328;-0.6374239897479037
-0.7381199460220738;0.08627384840851102;-0.6691306063580982
-0.7142792298534386;0.016625033614469393;-0.6996633405126328
-0.6828795835847197;-0.0477515922198325;-0.7289686274207078
-0.6447703163082139;-0.10597039646816185;-0.756995055651083
-0.6009078161779556;-0.15727161664432135;-0.783693457325198
-0.552337464187268;-0.2010343962328083;-0.8090169943743386
-0.500173970211588;-0.23678725957636154;-0.8329212407095249
-0.44558049070045747;-0.26421583742866595;-0.8553642601599674
-0.3897469094522506;-0.2831677048743412;-0.8763066800433609
-0.33386767801249445;-0.2936542459222942;-0.8957117602389477
-0.2791196201269123;-0.2958495132352907;-0.9135454576421743
-0.2266401052107228;-0.2900861061824342;-0.9297764858878643
-0.17750598895663897;-0.27684814469716135;-0.9443763702371344
-0.13271370512012648;-0.2567614693033578;-0.9573194975317639
-0.09316087144873539;-0.23058124817401626;-0.9685831611283695
-0.0596297450457245;-0.19917721929204266;-0.9781476007335863
-0.03277282868127577;-0.16351683883268703;-0.9859960370703286
-0.013100890301246523;-0.12464664499802128;-0.992114701314345
-0.0009736139490689058;-0.08367217901311592;-0.9964928592494154
0.0034069476882458943;-0.04173683124994658;-0.9991228300988138
1.8541692912225857e-13;-1.0515516591950207e-12;-1.0
-0.01107335340326215;0.04038503707519316;-0.9991228300989031
-0.02953246850074921;0.07829313359944697;-0.9964928592495941
-0.054942473327631546;0.11264876413019119;-0.9921147013146127
-0.08672243792602165;0.14244659926116945;-0.9859960370706847
-0.12415625248624747;0.16677078924929006;-0.9781476007340304
-0.16640601499279023;0.18481260279473785;-0.9685831611289005
-0.21252768390775229;0.19588609755966802;-0.9573194975323811
-0.2614887100940734;0.1994415348660894;-0.944376370237839
-0.3121873260513457;0.19507629210505817;-0.9297764858886531
-0.3634731402667723;0.1825430719703416;-0.9135454576430458
-0.41416866062324686;0.1617552568712528;-0.8957117602399004
-0.4630913537902823;0.1327893088853816;-0.876306680044393
-0.5090758376613925;0.09588416943606702;-0.8553642601610774
-0.5509958013729989;0.051437667542932865;-0.8329212407107106
-0.5877852522915776;1.4392954873173796e-12;-0.809016994375598
-0.618458701499352;-0.05773559979187374;-0.783693457326529
-0.6421299185239224;-0.12094483640964084;-0.756995055652483
-0.6580289119943634;-0.18868675420851627;-0.7289686274221746
-0.6655168250941381;-0.2599203059731575;-0.6996633405141637
-0.6640984725342035;-0.3335227884424852;-0.6691306063596905
-0.6534322885997293;-0.40830981069168515;-0.6374239897495546
-0.633337502852034;-0.4830564333364156;-0.604599114863271
-0.6037984104381267;-0.5565190951011852;-0.5707135676853577
-0.5649656567580441;-0.6274579288410224;-0.535826794979951
-0.517154510504154;-0.6946590618888044;-0.500000000000975
-0.4608401538304507;-0.7569564957504598;-0.46329603512086176
-0.3966500726371465;-0.8132531676854506;-0.42577929156609606
-0.3253536826810543;-0.8625408114528544;-0.38751558645314804
-0.24784937748602354;-0.9039182562073443;-0.3485720473228802
-0.16514923091522637;-0.9366078307994833;-0.3090169943760306
-0.0783616299267601;-0.9599695750568783;-0.26891982061636516
0.011327849311088198;-0.9735129993734973;-0.2283508701117696
0.10267697680357547;-0.9769061783908328;-0.187381314586851
0.19440844477600913;-0.9699820129082163;-0.1460830285635486
0.28523209459111265;-0.9527415455315412;-0.10452846326879907
0.3738673928721499;-0.9253542690256935;-0.06279051953046562
0.45906575059369237;-0.888155420904039;-0.02094241988451383
0.5396322817106091;-0.841640312476345;0.020942419882197482
0.6144466080366108;-0.7864557943900523;0.06279051952815333
0.6824823343720623;-0.7233890126599972;0.10452846326649491
0.7428248420013693;-0.6533536583444006;0.14608302856125657
0.7946870791960357;-0.57737395949543;0.1873813145845752
0.8374230637141968;-0.49656670496495864;0.22835087010951396
0.8705388538212322;-0.41212162533465446;0.2689198206141336
0.8937007903124026;-0.32528048601653514;0.30901699437382707
0.9067408615626669;-0.23731527089347262;0.3485720473207087
0.9096590958596596;-0.14950585131463776;0.38751558645101225
0.9026229392429989;-0.06311754453072535;0.4257792915639997
0.8859636317959498;0.020621032421349352;0.46329603511880857
0.8601696498185145;0.10053941282962348;0.49999999999896855
0.825877334563437;0.17554564659372526;0.5358267949779888
0.7838588792703387;0.24464521464986247;0.5707135676834494
0.7350078941597283;0.3069581499678241;0.6045991148614199
0.6803228129764476;0.3617340562317239;0.637423989747764
0.6208884438027167;0.4083647536054807;0.6691306063579634
0.5578560004828069;0.44639432418906416;0.6996633405125032
0.49242197850304814;0.4755263771061356;0.7289686274205885
0.42580626005295563;0.4956284037660682;0.7569950556509691
0.3592298468758196;0.5067331467936775;0.7836934573250899
0.29389262614809075;0.5090369604551871;0.8090169943742362
0.23095157388629348;0.5028951951396139;0.8329212407094284
0.17149979228145432;0.48881469258663257;0.8553642601598771
0.11654676205231099;0.4674435310993745;0.8763066800432769
0.06700016866801485;0.43955820998844086;0.8957117602388702
0.023649632524430923;0.4060485090514915;0.9135454576421035
-0.012847361611569224;0.3679003011547487;0.9297764858878003
-0.04197708071535807;0.3261766331797226;0.9443763702370771
-0.06337849478002912;0.28199742205390677;0.9573194975317115
-0.07684940146285099;0.23651813772618788;0.9685831611283243
-0.08234961385586054;0.1909078633189135;0.9781476007335487
-0.08000115468020677;0.14632713395505448;0.9859960370702984
-0.0700854547786034;0.10390595971583858;0.9921147013143222
-0.0530376083897668;0.06472243475989384;0.9964928592494002
-0.02943779133973669;0.029782323891702222;0.9991228300988062
-9.56854164230642e-13;8.028959763008895e-13;1.0
0.03444168228976895;-0.023818918871218897;0.9991228300989108
0.07294903958766842;-0.04099291509242961;0.9964928592496093
0.11449760621304814;-0.05097761868559202;0.9921147013146354
0.15799615071383258;-0.05337631722456275;0.9859960370707149
0.20230740428246408;-0.04794773561574977;0.978147600734068
0.246269654276997;-0.03461094277465879;0.9685831611289438
0.2887188076875119;-0.013447294588666494;0.9573194975324315
0.32851052077454396;0.015300623409966449;0.9443763702378963
0.3645419898423891;0.05123303553547704;0.9297764858887172
0.3957730042209001;0.09379992510440475;0.9135454576431167
0.4212458759028789;0.14231076769737724;0.8957117602399778
0.44010388067778977;0.19594687219186843;0.876306680044477
0.45160787264520685;0.25377610565971154;0.8553642601611675
0.45515076719144615;0.3147697347233496;0.832921240710807
0.45026962626620953;0.37782107732813947;0.8090169943757004
0.4366551233981973;0.44176562581704726;0.7836934573266372
0.41415821354611765;0.5054022752914852;0.756995055652597
0.3827938837278487;0.5675152709968314;0.7289686274222938
0.3427419134802591;0.6268964752527206;0.6996633405142831
0.29434462860990684;0.682367548496441;0.6691306063598147
0.2381016864105112;0.732801640432161;0.6374239897496834
0.17466198455091317;0.777144196053168;0.6045991148634041
0.10481283819549914;0.8144324972697848;0.570713567685495
0.029466619654291686;0.8438135837419967;0.5358267949800921
-0.050354898932644616;0.8645602258676705;0.5000000000011259
-0.1335382175318698;0.876084658180679;0.46329603512101614
-0.2188974757197626;0.8779498220267803;0.42577929156625366
-0.3051951657844005;0.8698779115701126;0.38751558645330864
-0.3911638169055184;0.8517560661180688;0.3485720473230435
-0.47552825814497446;0.8236391035473658;0.30901699437619623
-0.5570280573631494;0.7857492433275438;0.2689198206165329
-0.6344397298829968;0.7384728222928115;0.22835087011193922
-0.7065983148121997;0.6823540609157381;0.18738131458702215
-0.7724179283320214;0.618085991393527;0.14608302856372093
-0.8309109217617655;0.5464987103952216;0.10452846326897232
-0.8812052974731576;0.46854516789986905;0.06279051953063948
-0.9225600673014414;0.3852847482968065;0.020942419884687997
-0.9543782754044198;0.29786494000733016;-0.020942419882023316
-0.97621744987979;0.20750142459175097;-0.06279051952797947
-0.9877972940937848;0.11545694499759662;-0.10452846326632166
-0.9890044787530518;0.0230193347607161;-0.14608302856108424
-0.979894448355954;-0.06852089481173959;-0.18738131458440407
-0.9606902098323781;-0.15789300444454946;-0.22835087010934435
-0.9317781259380508;-0.24386810800989608;-0.26891982061396585
-0.8937007903142727;-0.325280486011554;-0.3090169943736614
-0.8471471140689364;-0.4010477464734542;-0.3485720473205454
-0.7929398043168489;-0.4701894692436338;-0.38751558645085166
-0.7320204624172677;-0.531843997312936;-0.4257792915638421
-0.6654325728036978;-0.5852830724488673;-0.4632960351186542
-0.5943026915313351;-0.629924051644159;-0.49999999999881767
-0.5198201762756818;-0.6653394848650475;-0.5358267949778477
-0.44321582590878994;-0.6912638825558404;-0.5707135676833122
-0.3657398174783455;-0.7075975524405487;-0.6045991148612868
-0.2886393410605832;-0.714407438431543;-0.6374239897476353
-0.21313633832186243;-0.7119249489390992;-0.6691306063578393
-0.14040574860760308;-0.7005408165845803;-0.6996633405123839
-0.07155465701923042;-0.6807970852578448;-0.7289686274204693
-0.0076027224095434375;-0.6533763726460591;-0.7569950556508553
0.05053576017451177;-0.6190886058470156;-0.7836934573249816
0.10206783791850059;-0.5788554735652807;-0.8090169943741338
0.14633563060129776;-0.5336928798398453;-0.832921240709332
0.18282756495402458;-0.48469172051344384;-0.8553642601597868
0.2111869105850171;-0.4329973340671199;-0.876306680043193
0.23121746422033446;-0.37978800245589883;-0.8957117602387927
0.24288628097281698;-0.32625289475620445;-0.9135454576420325
0.24632340515350276;-0.2735698564605315;-0.9297764858877361
0.24181860779759073;-0.22288344994814266;-0.9443763702370198
0.22981519259934977;-0.17528364697327461;-0.9573194975316611
0.21090098534425594;-0.13178556203002015;-0.968583161128281
0.18579667322052024;-0.09331059639430224;-0.9781476007335125
0.1553417086532628;-0.060669336854863753;-0.9859960370702693
0.12047803665469836;-0.034546521096423144;-0.9921147013143005
0.08223194431587101;-0.015488343972662664;-0.9964928592493857
0.04169436525893067;-0.0038923361907195315;-0.9991228300987989
1.4232898357586657e-12;-4.4769545906299e-24;-1.0
-0.04169436525612345;-0.0038923361901922835;-0.9991228300989181
-0.0822319443131811;-0.015488343971619137;-0.9964928592496238
-0.12047803665220097;-0.034546521094886776;-0.9921147013146572
-0.15534170865103095;-0.060669336852863236;-0.985996037070744
-0.18579667321862037;-0.09331059639188113;-0.9781476007341042
-0.21090098534274868;-0.13178556202722932;-0.968583161128989
-0.22981519259828567;-0.1752836469701762;-0.9573194975324839
-0.2418186077970243;-0.22288344994480058;-0.9443763702379536
-0.24632340515346116;-0.2735698564570165;-0.9297764858887814
-0.24288628097332043;-0.3262528947525957;-0.9135454576431875
-0.23121746422140654;-0.3797880024522685;-0.8957117602400553
-0.21118691058665642;-0.43299733406355184;-0.8763066800445609
-0.18282756495621652;-0.48469172051002113;-0.8553642601612578
-0.1463356306040374;-0.5336928798366416;-0.8329212407109033
-0.1020678379217515;-0.5788554735623749;-0.8090169943758029
-0.05053576017823422;-0.6190886058444791;-0.7836934573267453
0.007602722405408041;-0.6533763726439575;-0.7569950556527107
0.07155465701472151;-0.6807970852562375;-0.7289686274224131
0.14040574860279556;-0.7005408165835176;-0.6996633405144126
0.21313633831683876;-0.7119249489386198;-0.6691306063599494
0.2886393410554007;-0.7144074384316849;-0.6374239897498231
0.3657398174730957;-0.7075975524413296;-0.6045991148635486
0.4432158259035666;-0.6912638825572645;-0.5707135676856439
0.5198201762705594;-0.6653394848671187;-0.5358267949802452
0.5943026915263866;-0.6299240516468709;-0.5000000000012829
0.6654325727990089;-0.5852830724522015;-0.46329603512117684
0.7320204624129414;-0.5318439973168286;-0.42577929156641775
0.7929398043129353;-0.4701894692480707;-0.3875155864534758
0.8471471140655166;-0.40104774647835906;-0.34857204732321345
0.8937007903113998;-0.3252804860168754;-0.3090169943763687
0.9317781259357726;-0.2438681080155773;-0.26891982061670755
0.9606902098307435;-0.15789300445048776;-0.22835087011211572
0.9798944483549897;-0.06852089481788082;-0.18738131458720023
0.9890044787527811;0.02301933475447055;-0.1460830285639003
0.9877972940942156;0.11545694499134787;-0.10452846326915265
0.9762174498809235;0.20750142458555854;-0.06279051953082043
0.9543782754062411;0.2978649400012949;-0.02094241988486927
0.9225600673039202;0.38528474829102566;0.020942419881842044
0.8812052974762695;0.46854516789439676;0.06279051952779852
0.8309109217654593;0.5464987103901456;0.10452846326614841
0.7724179283362337;0.6180859913889271;0.1460830285609119
0.7065983148168848;0.6823540609116525;0.18738131458423296
0.6344397298880861;0.738472822289294;0.22835087010917476
0.5570280573685342;0.7857492433246624;0.26891982061379804
0.4755282581506064;0.8236391035451274;0.3090169943734957
0.3911638169113141;0.8517560661164963;0.3485720473203821
0.30519516579023714;0.8698779115692309;0.38751558645069106
0.2188974757255907;0.8779498220265731;0.42577929156368444
0.1335382175375795;0.8760846581811395;0.4632960351184998
0.05035489893816611;0.8645602258687709;0.49999999999866684
-0.02946661964902437;0.843813583743703;0.5358267949776946
-0.10481283819058239;0.8144324972720515;0.5707135676831633
-0.17466198454638956;0.7771441960559442;0.6045991148611425
-0.23810168640644996;0.7328016404353836;0.6374239897474956
-0.2943446286063666;0.6823675485000373;0.6691306063577045
-0.3427419134772594;0.6268964752566248;0.6996633405122543
-0.3827938837254308;0.5675152710009654;0.7289686274203452
-0.4141582135443039;0.5054022752957573;0.7569950556507369
-0.43665512339698015;0.44176562582138706;0.7836934573248691
-0.4502696262655914;0.37782107733245884;0.8090169943740273
-0.45515076719141606;0.3147697347275616;0.8329212407092317
-0.4516078726457295;0.25377610566375186;0.8553642601596929
-0.4401038806788304;0.19594687219566423;0.8763066800431056
-0.42124587590439916;0.14231076770084336;0.8957117602387121
-0.39577300422283906;0.09379992510749989;0.9135454576419588
-0.3645419898446863;0.051233035538149084;0.9297764858876694
-0.32851052077713305;0.015300623412158177;0.9443763702369602
-0.2887188076903188;-0.013447294586972849;0.9573194975316087
-0.24626965427994504;-0.034610942773493227;0.968583161128236
-0.2023074042854825;-0.0479477356151179;0.9781476007334747
-0.1579961507168356;-0.05337631722446486;0.9859960370702391
-0.11449760621594954;-0.05097761868601877;0.9921147013142786
-0.07294903959040037;-0.040992915093358236;0.9964928592493711
-0.03444168229225866;-0.023818918872618965;0.9991228300987915
-1.2237523750320656e-12;-1.0268501665343498e-12;1.0
0.02943779133792556;0.029782323889493454;0.9991228300989253
0.053037608388377885;0.06472243475736462;0.9964928592496385
0.07008545477767932;0.10390595971305536;0.992114701314679
0.08000115467978504;0.1463271339520862;0.9859960370707731
0.08234961385596412;0.19090786331583642;0.9781476007341405
0.07684940146349029;0.2365181377230811;0.9685831611290323
0.06337849478121362;0.28199742205084743;0.9573194975325343
0.041977080717080825;0.32617663317679046;0.9443763702380132
0.012847361613796543;0.36790030115202266;0.9297764858888481
-0.023649632521713728;0.4060485090490448;0.9135454576432612
-0.06700016866485914;0.43955820998634265;0.8957117602401359
-0.1165467620487602;0.467443531097689;0.8763066800446483
-0.17149979227755915;0.4888146925854187;0.8553642601613517
-0.2309515738821331;0.5028951951389153;0.8329212407110037
-0.29389262614372963;0.5090369604550457;0.8090169943759093
-0.3592298468713272;0.5067331467941278;0.783693457326858
-0.42580626004842637;0.49562840376711853;0.7569950556528292
-0.49242197849855035;0.47552637710780593;0.7289686274225372
-0.5578560004784272;0.44639432419134206;0.6996633405145422
-0.6208884437985465;0.40836475360834623;0.6691306063600841
-0.6803228129725556;0.36173405623516913;0.6374239897499628
-0.7350078941561964;0.30695814997180404;0.604599114863693
-0.7838588792672416;0.24464521465431968;0.5707135676857927
-0.825877334560832;0.1755456465986264;0.5358267949803982
-0.8601696498164619;0.10053941283489361;0.50000000000144
-0.8859636317944981;0.020621032426904773;0.4632960351213375
-0.9026229392421856;-0.06311754452493655;0.4257792915665818
-0.9096590958595153;-0.14950585130869695;0.3875155864536429
-0.9067408615632032;-0.23731527088750423;0.3485720473233767
-0.8937007903136315;-0.3252804860105866;0.30901699437653435
-0.8705388538231389;-0.412121625328838;0.26891982061687536
-0.8374230637167686;-0.49656670495934696;0.22835087011228533
-0.7946870791992527;-0.5773739594900944;0.18738131458737137
-0.7428248420051766;-0.6533536583394424;0.14608302856407263
-0.6824823343764191;-0.7233890126554775;0.1045284632693259
-0.6144466080414706;-0.7864557943860285;0.0627905195309943
-0.5396322817158836;-0.8416403124728923;0.020942419885043438
-0.4590657505993324;-0.8881554209011909;-0.020942419881667874
-0.37386739287806453;-0.9253542690234967;-0.06279051952762466
-0.28523209459720517;-0.9527415455300279;-0.10452846326596808
-0.19440844478222058;-0.9699820129073954;-0.14608302856073255
-0.10267697680980471;-0.9769061783907145;-0.18738131458405485
-0.011327849317233959;-0.9735129993740759;-0.22835087010899824
0.07836162992075595;-0.9599695750581365;-0.2689198206136234
0.16514923090944703;-0.9366078308013956;-0.3090169943733233
0.24784937748058647;-0.903918256209864;-0.3485720473202122
0.3253536826759929;-0.8625408114559425;-0.3875155864505239
0.396650072632527;-0.8132531676890523;-0.4257792915635204
0.46084015382636373;-0.7569564957544918;-0.4632960351183391
0.517154510500614;-0.6946590618932142;-0.4999999999985098
0.5649656567551109;-0.6274579288457208;-0.5358267949775416
0.6037984104358153;-0.5565190951060961;-0.5707135676830144
0.6333375028503532;-0.48305643334146425;-0.604599114860998
0.6534322885986975;-0.408309810696769;-0.6374239897473558
0.6640984725338022;-0.3335227884475389;-0.6691306063575697
0.6655168250943554;-0.2599203059780895;-0.6996633405121249
0.6580289119951734;-0.1886867542132387;-0.7289686274202211
0.642129918525281;-0.12094483641409857;-0.7569950556506184
0.6184587015012138;-0.05773559979598992;-0.7836934573247564
0.5877852522938863;-2.26681150236987e-12;-0.8090169943739207
0.5509958013756846;0.05143766753967127;-0.8329212407091353
0.5090758376643912;0.09588416943330064;-0.8553642601596027
0.46309135379351746;0.1327893088831493;-0.8763066800430217
0.41416866062664404;0.16175525686956305;-0.8957117602386346
0.3634731402702523;0.18254307196920658;-0.913545457641888
0.3121873260548203;0.19507629210449232;-0.9297764858876052
0.2614887100974712;0.19944153486606725;-0.9443763702369029
0.21252768391099117;0.1958860975601749;-0.9573194975315584
0.1664060149958004;0.18481260279573758;-0.9685831611281926
0.12415625248896406;0.16677078925073888;-0.9781476007334385
0.08672243792837936;0.14244659926302006;-0.98599603707021
0.054942473329579834;0.11264876413238308;-0.9921147013142558
0.029532468502245092;0.0782931336019144;-0.9964928592493559
0.011073353404268862;0.040385037077866184;-0.999122830098784
